1;66
2;66
3;68
4;66
5;67
6;69
7;65
8;66
9;67
10;66
11;68
12;67
13;68
14;65
15;68
16;68
17;66
18;65
19;66
20;68
21;66
22;64
23;66
24;66
25;66
26;65
27;67
28;67
29;66
30;66
31;67
32;66
33;67
34;67
35;67
36;66
37;67
38;67
39;67
40;66
41;67
42;67
43;68
44;67
45;67
46;67
47;64
48;66
49;66
50;67
51;66
52;66
53;66
54;65
55;66
56;67
57;67
58;66
59;65
60;66
61;68
62;66
63;66
64;65
65;68
66;67
67;67
68;66
69;67
70;68
71;64
72;68
73;67
74;68
75;68
76;65
77;66
78;64
79;66
80;67
81;66
82;69
83;67
84;70
85;65
86;70
87;67
88;67
89;69
90;66
91;68
92;67
93;68
94;66
95;68
96;67
97;67
98;65
99;67
100;66
101;67
102;68
103;68
104;65
105;67
106;65
107;67
108;67
109;66
110;66
111;67
112;68
113;67
114;70
115;66
116;66
117;67
118;64
119;65
120;67
121;68
122;65
123;67
124;68
125;66
126;67
127;65
128;66
129;67
130;67
131;65
132;68
133;68
134;66
135;66
136;68
137;67
138;67
139;67
140;66
141;66
142;68
143;66
144;66
145;68
146;67
147;66
148;67
149;66
150;67
151;66
152;66
153;66
154;66
155;66
156;67
157;67
158;67
159;66
160;67
161;66
162;66
163;66
164;67
165;65
166;67
167;68
168;67
169;66
170;67
171;69
172;66
173;65
174;68
175;66
176;68
177;66
178;66
179;64
180;68
181;66
182;66
183;66
184;67
185;67
186;67
187;67
188;66
189;66
190;67
191;68
192;67
193;66
194;68
195;67
196;66
197;68
198;67
199;66
200;66
201;65
202;66
203;67
204;66
205;67
206;66
207;67
208;65
209;67
210;66
211;67
212;66
213;66
214;68
215;67
216;66
217;68
218;67
219;66
220;67
221;66
222;68
223;67
224;64
225;69
226;65
227;66
228;67
229;66
230;68
231;68
232;70
233;67
234;67
235;66
236;68
237;68
238;66
239;64
240;67
241;68
242;65
243;68
244;67
245;67
246;68
247;66
248;66
249;67
250;67
251;66
252;67
253;69
254;67
255;67
256;65
257;67
258;66
259;68
260;66
261;65
262;67
263;66
264;66
265;66
266;67
267;66
268;67
269;67
270;68
271;66
272;65
273;67
274;67
275;67
276;68
277;68
278;68
279;68
280;65
281;68
282;67
283;68
284;67
285;66
286;67
287;66
288;67
289;66
290;65
291;66
292;66
293;66
294;67
295;66
296;68
297;67
298;68
299;64
300;67
301;65
302;67
303;67
304;68
305;66
306;67
307;66
308;66
309;66
310;69
311;68
312;67
313;67
314;68
315;68
316;66
317;68
318;66
319;68
320;68
321;66
322;67
323;66
324;67
325;68
326;66
327;66
328;65
329;68
330;67
331;68
332;67
333;66
334;65
335;67
336;68
337;69
338;68
339;67
340;64
341;66
342;67
343;67
344;67
345;66
346;68
347;68
348;64
349;66
350;67
351;67
352;66
353;66
354;67
355;67
356;67
357;64
358;68
359;66
360;67
361;67
362;67
363;65
364;66
365;67
366;64
367;66
368;67
369;67
370;67
371;64
372;66
373;68
374;66
375;67
376;68
377;67
378;67
379;67
380;65
381;65
382;69
383;68
384;65
385;67
386;65
387;68
388;64
389;67
390;66
391;65
392;66
393;67
394;66
395;66
396;68
397;67
398;65
399;66
400;66
401;67
402;68
403;67
404;67
405;66
406;67
407;67
408;65
409;66
410;67
411;65
412;67
413;66
414;70
415;68
416;66
417;65
418;67
419;67
420;67
421;66
422;69
423;66
424;65
425;67
426;67
427;68
428;67
429;68
430;68
431;65
432;67
433;66
434;67
435;67
436;68
437;67
438;67
439;66
440;66
441;66
442;66
443;67
444;66
445;68
446;66
447;67
448;64
449;66
450;67
451;68
452;66
453;66
454;67
455;68
456;67
457;65
458;64
459;67
460;64
461;68
462;66
463;66
464;66
465;67
466;66
467;67
468;66
469;65
470;66
471;66
472;67
473;68
474;66
475;69
476;68
477;66
478;67
479;65
480;66
481;67
482;65
483;66
484;66
485;67
486;68
487;66
488;66
489;68
490;65
491;66
492;67
493;67
494;67
495;65
496;66
497;67
498;64
499;67
500;65
501;68
502;67
503;67
504;67
505;66
506;66
507;67
508;65
509;69
510;68
511;68
512;65
513;66
514;67
515;67
516;67
517;67
518;69
519;65
520;67
521;67
522;67
523;66
524;66
525;68
526;66
527;67
528;67
529;65
530;67
531;67
532;67
533;68
534;66
535;65
536;68
537;68
538;66
539;65
540;68
541;67
542;66
543;66
544;68
545;66
546;68
547;66
548;66
549;66
550;68
551;69
552;66
553;67
554;66
555;66
556;68
557;67
558;69
559;67
560;66
561;67
562;67
563;66
564;68
565;66
566;65
567;66
568;67
569;68
570;67
571;67
572;67
573;68
574;66
575;67
576;67
577;67
578;65
579;65
580;67
581;67
582;66
583;69
584;67
585;66
586;66
587;67
588;67
589;66
590;65
591;67
592;68
593;69
594;64
595;67
596;67
597;66
598;65
599;67
600;67
601;68
602;67
603;67
604;68
605;69
606;66
607;67
608;65
609;66
610;66
611;68
612;68
613;66
614;65
615;66
616;66
617;66
618;68
619;67
620;67
621;66
622;68
623;67
624;67
625;67
626;67
627;66
628;65
629;66
630;68
631;67
632;68
633;65
634;65
635;67
636;68
637;67
638;66
639;68
640;66
641;65
642;66
643;67
644;69
645;69
646;66
647;68
648;66
649;67
650;68
651;66
652;70
653;65
654;66
655;68
656;65
657;66
658;68
659;65
660;68
661;67
662;67
663;66
664;67
665;66
666;70
667;69
668;67
669;65
670;67
671;66
672;67
673;65
674;65
675;67
676;70
677;65
678;67
679;66
680;68
681;68
682;66
683;66
684;67
685;68
686;68
687;70
688;68
689;67
690;66
691;66
692;67
693;67
694;67
695;66
696;68
697;67
698;65
699;66
700;66
701;66
702;66
703;67
704;67
705;68
706;65
707;67
708;67
709;67
710;66
711;70
712;67
713;68
714;66
715;69
716;69
717;67
718;65
719;67
720;67
721;65
722;67
723;66
724;67
725;67
726;65
727;69
728;69
729;68
730;69
731;68
732;68
733;68
734;67
735;68
736;68
737;66
738;65
739;65
740;68
741;66
742;66
743;66
744;66
745;69
746;67
747;67
748;67
749;68
750;66
751;67
752;68
753;67
754;65
755;67
756;68
757;68
758;68
759;66
760;66
761;67
762;67
763;65
764;67
765;67
766;65
767;66
768;66
769;67
770;69
771;67
772;68
773;65
774;66
775;67
776;66
777;65
778;67
779;65
780;67
781;66
782;67
783;67
784;66
785;66
786;68
787;68
788;69
789;66
790;67
791;67
792;66
793;65
794;67
795;66
796;66
797;67
798;67
799;67
800;67
801;68
802;68
803;68
804;67
805;68
806;65
807;67
808;67
809;67
810;67
811;66
812;68
813;66
814;66
815;67
816;67
817;68
818;68
819;68
820;68
821;67
822;67
823;66
824;67
825;66
826;68
827;65
828;66
829;67
830;67
831;67
832;67
833;66
834;67
835;68
836;66
837;66
838;66
839;67
840;67
841;67
842;67
843;67
844;68
845;67
846;67
847;66
848;68
849;68
850;67
851;66
852;66
853;67
854;66
855;66
856;64
857;66
858;65
859;68
860;67
861;67
862;67
863;67
864;68
865;66
866;68
867;68
868;66
869;67
870;68
871;67
872;65
873;66
874;68
875;68
876;69
877;66
878;65
879;67
880;66
881;68
882;67
883;67
884;65
885;66
886;67
887;69
888;66
889;66
890;69
891;67
892;65
893;68
894;68
895;68
896;65
897;68
898;65
899;65
900;66
901;65
902;67
903;67
904;65
905;67
906;66
907;67
908;66
909;66
910;66
911;67
912;66
913;66
914;66
915;67
916;65
917;65
918;66
919;65
920;66
921;66
922;67
923;67
924;65
925;68
926;68
927;67
928;67
929;67
930;66
931;68
932;67
933;68
934;67
935;66
936;65
937;68
938;68
939;67
940;67
941;65
942;68
943;66
944;66
945;66
946;67
947;67
948;66
949;67
950;66
951;67
952;65
953;66
954;66
955;67
956;66
957;65
958;66
959;66
960;67
961;68
962;67
963;68
964;67
965;67
966;68
967;67
968;67
969;66
970;67
971;66
972;66
973;67
974;65
975;67
976;65
977;66
978;67
979;67
980;68
981;67
982;67
983;66
984;66
985;67
986;66
987;65
988;66
989;66
990;69
991;67
992;70
993;67
994;68
995;68
996;68
997;67
998;65
999;66
1000;66
1001;64
1002;66
1003;65
1004;66
1005;66
1006;66
1007;66
1008;65
1009;66
1010;68
1011;67
1012;67
1013;67
1014;65
1015;66
1016;66
1017;66
1018;67
1019;66
1020;66
1021;69
1022;65
1023;67
1024;66
1025;66
1026;65
1027;67
1028;65
1029;66
1030;66
1031;65
1032;66
1033;69
1034;68
1035;67
1036;68
1037;67
1038;64
1039;69
1040;67
1041;67
1042;66
1043;67
1044;66
1045;66
1046;68
1047;67
1048;67
1049;69
1050;67
1051;65
1052;66
1053;67
1054;67
1055;66
1056;68
1057;67
1058;68
1059;68
1060;67
1061;66
1062;66
1063;67
1064;67
1065;67
1066;66
1067;66
1068;67
1069;68
1070;65
1071;66
1072;68
1073;67
1074;66
1075;65
1076;67
1077;66
1078;67
1079;68
1080;68
1081;66
1082;66
1083;67
1084;67
1085;67
1086;66
1087;66
1088;66
1089;67
1090;68
1091;68
1092;67
1093;64
1094;66
1095;68
1096;66
1097;66
1098;66
1099;66
1100;67
1101;67
1102;69
1103;67
1104;67
1105;68
1106;65
1107;68
1108;66
1109;66
1110;66
1111;67
1112;65
1113;66
1114;66
1115;67
1116;66
1117;67
1118;66
1119;67
1120;67
1121;68
1122;68
1123;65
1124;67
1125;67
1126;66
1127;66
1128;68
1129;67
1130;65
1131;66
1132;65
1133;68
1134;65
1135;65
1136;66
1137;66
1138;70
1139;67
1140;67
1141;66
1142;65
1143;68
1144;66
1145;66
1146;67
1147;66
1148;66
1149;66
1150;65
1151;67
1152;65
1153;67
1154;66
1155;68
1156;66
1157;67
1158;68
1159;66
1160;66
1161;66
1162;68
1163;66
1164;67
1165;68
1166;68
1167;68
1168;67
1169;69
1170;67
1171;69
1172;68
1173;66
1174;66
1175;68
1176;66
1177;67
1178;65
1179;66
1180;66
1181;69
1182;66
1183;67
1184;66
1185;66
1186;68
1187;67
1188;67
1189;67
1190;67
1191;66
1192;68
1193;67
1194;68
1195;69
1196;67
1197;68
1198;65
1199;67
1200;70
1201;68
1202;67
1203;66
1204;67
1205;67
1206;67
1207;68
1208;68
1209;66
1210;67
1211;69
1212;68
1213;66
1214;67
1215;67
1216;69
1217;68
1218;66
1219;67
1220;67
1221;67
1222;68
1223;67
1224;67
1225;65
1226;69
1227;67
1228;68
1229;67
1230;67
1231;68
1232;67
1233;66
1234;67
1235;66
1236;67
1237;66
1238;68
1239;66
1240;66
1241;66
1242;66
1243;67
1244;67
1245;67
1246;67
1247;66
1248;65
1249;67
1250;67
1251;66
1252;65
1253;68
1254;66
1255;67
1256;67
1257;68
1258;65
1259;67
1260;66
1261;67
1262;67
1263;66
1264;66
1265;68
1266;65
1267;66
1268;68
1269;67
1270;68
1271;68
1272;66
1273;67
1274;65
1275;66
1276;66
1277;67
1278;65
1279;67
1280;69
1281;65
1282;68
1283;66
1284;68
1285;68
1286;67
1287;68
1288;66
1289;67
1290;69
1291;66
1292;66
1293;67
1294;65
1295;67
1296;67
1297;68
1298;68
1299;65
1300;66
1301;67
1302;66
1303;67
1304;66
1305;67
1306;64
1307;65
1308;66
1309;69
1310;67
1311;67
1312;66
1313;68
1314;69
1315;66
1316;69
1317;68
1318;69
1319;65
1320;66
1321;65
1322;67
1323;67
1324;68
1325;68
1326;68
1327;65
1328;67
1329;67
1330;65
1331;68
1332;67
1333;69
1334;66
1335;66
1336;67
1337;67
1338;66
1339;69
1340;67
1341;67
1342;64
1343;67
1344;66
1345;66
1346;67
1347;68
1348;67
1349;65
1350;67
1351;65
1352;65
1353;67
1354;65
1355;66
1356;67
1357;66
1358;67
1359;66
1360;68
1361;68
1362;66
1363;68
1364;66
1365;66
1366;66
1367;67
1368;66
1369;65
1370;64
1371;67
1372;67
1373;66
1374;67
1375;67
1376;65
1377;68
1378;67
1379;66
1380;67
1381;64
1382;69
1383;66
1384;68
1385;66
1386;67
1387;66
1388;67
1389;68
1390;66
1391;68
1392;68
1393;65
1394;68
1395;66
1396;67
1397;66
1398;66
1399;67
1400;68
1401;66
1402;67
1403;66
1404;65
1405;67
1406;67
1407;67
1408;68
1409;67
1410;70
1411;67
1412;67
1413;68
1414;67
1415;67
1416;68
1417;67
1418;67
1419;66
1420;67
1421;67
1422;68
1423;67
1424;67
1425;69
1426;67
1427;65
1428;67
1429;68
1430;69
1431;65
1432;65
1433;65
1434;67
1435;68
1436;66
1437;67
1438;67
1439;65
1440;67
1441;68
1442;64
1443;66
1444;67
1445;67
1446;66
1447;68
1448;69
1449;66
1450;68
1451;68
1452;66
1453;68
1454;67
1455;65
1456;67
1457;67
1458;65
1459;69
1460;65
1461;65
1462;67
1463;66
1464;65
1465;67
1466;66
1467;68
1468;69
1469;67
1470;67
1471;66
1472;68
1473;66
1474;68
1475;67
1476;68
1477;67
1478;67
1479;67
1480;68
1481;68
1482;68
1483;66
1484;66
1485;68
1486;68
1487;66
1488;66
1489;67
1490;67
1491;66
1492;66
1493;67
1494;68
1495;66
1496;66
1497;67
1498;67
1499;67
1500;68
1501;67
1502;67
1503;69
1504;66
1505;66
1506;67
1507;66
1508;68
1509;66
1510;67
1511;67
1512;67
1513;67
1514;68
1515;67
1516;69
1517;69
1518;67
1519;66
1520;67
1521;67
1522;65
1523;67
1524;67
1525;67
1526;67
1527;66
1528;68
1529;66
1530;67
1531;67
1532;67
1533;67
1534;67
1535;66
1536;66
1537;66
1538;68
1539;67
1540;68
1541;68
1542;68
1543;67
1544;68
1545;66
1546;66
1547;67
1548;65
1549;66
1550;67
1551;66
1552;68
1553;66
1554;66
1555;68
1556;67
1557;66
1558;66
1559;67
1560;67
1561;64
1562;66
1563;66
1564;68
1565;66
1566;68
1567;67
1568;69
1569;69
1570;67
1571;66
1572;67
1573;68
1574;68
1575;67
1576;66
1577;65
1578;65
1579;67
1580;67
1581;66
1582;67
1583;67
1584;67
1585;67
1586;67
1587;66
1588;66
1589;67
1590;67
1591;67
1592;67
1593;67
1594;67
1595;65
1596;67
1597;66
1598;68
1599;65
1600;65
1601;66
1602;66
1603;68
1604;68
1605;66
1606;65
1607;65
1608;67
1609;66
1610;67
1611;67
1612;67
1613;69
1614;64
1615;67
1616;67
1617;68
1618;68
1619;67
1620;67
1621;66
1622;66
1623;66
1624;65
1625;65
1626;67
1627;67
1628;68
1629;69
1630;67
1631;68
1632;67
1633;67
1634;66
1635;66
1636;66
1637;67
1638;67
1639;67
1640;66
1641;68
1642;68
1643;67
1644;66
1645;66
1646;66
1647;68
1648;67
1649;67
1650;65
1651;66
1652;67
1653;67
1654;66
1655;67
1656;68
1657;67
1658;65
1659;69
1660;67
1661;67
1662;68
1663;67
1664;67
1665;67
1666;63
1667;68
1668;68
1669;67
1670;65
1671;66
1672;67
1673;67
1674;67
1675;65
1676;66
1677;66
1678;68
1679;67
1680;67
1681;67
1682;65
1683;68
1684;67
1685;69
1686;68
1687;66
1688;67
1689;68
1690;65
1691;66
1692;67
1693;67
1694;67
1695;66
1696;67
1697;67
1698;68
1699;67
1700;67
1701;66
1702;67
1703;67
1704;65
1705;67
1706;66
1707;67
1708;65
1709;66
1710;68
1711;67
1712;66
1713;67
1714;66
1715;67
1716;66
1717;68
1718;66
1719;67
1720;69
1721;69
1722;65
1723;69
1724;67
1725;66
1726;69
1727;65
1728;65
1729;66
1730;67
1731;67
1732;67
1733;67
1734;67
1735;68
1736;66
1737;67
1738;68
1739;66
1740;67
1741;67
1742;69
1743;66
1744;66
1745;66
1746;65
1747;69
1748;67
1749;67
1750;67
1751;68
1752;67
1753;67
1754;67
1755;66
1756;67
1757;67
1758;66
1759;66
1760;66
1761;68
1762;66
1763;67
1764;66
1765;69
1766;67
1767;67
1768;66
1769;67
1770;67
1771;67
1772;66
1773;66
1774;66
1775;66
1776;68
1777;66
1778;70
1779;66
1780;67
1781;68
1782;67
1783;66
1784;68
1785;67
1786;66
1787;65
1788;67
1789;66
1790;65
1791;67
1792;65
1793;67
1794;67
1795;66
1796;67
1797;68
1798;65
1799;66
1800;68
1801;67
1802;65
1803;67
1804;68
1805;68
1806;65
1807;66
1808;67
1809;68
1810;66
1811;65
1812;64
1813;68
1814;65
1815;65
1816;68
1817;66
1818;67
1819;68
1820;67
1821;68
1822;67
1823;67
1824;66
1825;66
1826;68
1827;66
1828;66
1829;66
1830;69
1831;67
1832;67
1833;66
1834;67
1835;67
1836;69
1837;67
1838;66
1839;66
1840;67
1841;65
1842;67
1843;66
1844;66
1845;68
1846;65
1847;67
1848;68
1849;65
1850;66
1851;67
1852;67
1853;67
1854;68
1855;66
1856;66
1857;66
1858;68
1859;67
1860;66
1861;68
1862;67
1863;68
1864;68
1865;66
1866;68
1867;67
1868;65
1869;69
1870;65
1871;69
1872;67
1873;67
1874;65
1875;67
1876;67
1877;67
1878;66
1879;66
1880;66
1881;67
1882;69
1883;68
1884;66
1885;66
1886;66
1887;66
1888;69
1889;66
1890;68
1891;69
1892;68
1893;67
1894;68
1895;68
1896;66
1897;69
1898;66
1899;67
1900;67
1901;68
1902;68
1903;66
1904;66
1905;66
1906;65
1907;66
1908;66
1909;68
1910;66
1911;65
1912;68
1913;64
1914;67
1915;66
1916;67
1917;66
1918;70
1919;65
1920;67
1921;67
1922;67
1923;68
1924;66
1925;64
1926;66
1927;68
1928;68
1929;66
1930;66
1931;67
1932;66
1933;67
1934;69
1935;66
1936;68
1937;66
1938;68
1939;67
1940;67
1941;67
1942;67
1943;67
1944;67
1945;67
1946;67
1947;66
1948;67
1949;67
1950;65
1951;65
1952;67
1953;66
1954;67
1955;67
1956;65
1957;65
1958;68
1959;66
1960;67
1961;68
1962;66
1963;67
1964;67
1965;67
1966;64
1967;67
1968;67
1969;67
1970;67
1971;67
1972;70
1973;68
1974;66
1975;67
1976;67
1977;67
1978;67
1979;67
1980;67
1981;68
1982;69
1983;66
1984;66
1985;66
1986;68
1987;65
1988;69
1989;68
1990;67
1991;67
1992;67
1993;67
1994;67
1995;68
1996;68
1997;66
1998;66
1999;66
2000;69
2001;66
2002;66
2003;66
2004;67
2005;66
2006;66
2007;67
2008;68
2009;67
2010;67
2011;65
2012;67
2013;67
2014;68
2015;68
2016;65
2017;66
2018;66
2019;66
2020;66
2021;68
2022;67
2023;66
2024;66
2025;66
2026;67
2027;68
2028;66
2029;67
2030;66
2031;66
2032;66
2033;66
2034;68
2035;67
2036;66
2037;66
2038;67
2039;66
2040;66
2041;66
2042;69
2043;66
2044;67
2045;68
2046;66
2047;67
2048;68
2049;66
2050;68
2051;67
2052;68
2053;66
2054;66
2055;67
2056;66
2057;66
2058;67
2059;66
2060;68
2061;70
2062;65
2063;64
2064;67
2065;67
2066;67
2067;67
2068;68
2069;67
2070;65
2071;69
2072;67
2073;65
2074;67
2075;68
2076;65
2077;66
2078;68
2079;66
2080;67
2081;69
2082;68
2083;65
2084;65
2085;67
2086;67
2087;65
2088;67
2089;67
2090;69
2091;67
2092;66
2093;66
2094;68
2095;68
2096;67
2097;67
2098;67
2099;69
2100;67
2101;68
2102;66
2103;67
2104;68
2105;66
2106;65
2107;66
2108;67
2109;67
2110;67
2111;66
2112;68
2113;69
2114;66
2115;66
2116;67
2117;66
2118;66
2119;68
2120;67
2121;66
2122;66
2123;66
2124;67
2125;66
2126;67
2127;68
2128;65
2129;66
2130;67
2131;66
2132;67
2133;66
2134;68
2135;68
2136;68
2137;69
2138;65
2139;66
2140;68
2141;68
2142;67
2143;67
2144;66
2145;66
2146;65
2147;66
2148;65
2149;65
2150;67
2151;68
2152;69
2153;65
2154;67
2155;70
2156;67
2157;66
2158;67
2159;67
2160;67
2161;67
2162;68
2163;66
2164;67
2165;65
2166;67
2167;68
2168;66
2169;66
2170;67
2171;67
2172;67
2173;64
2174;68
2175;64
2176;67
2177;66
2178;67
2179;68
2180;67
2181;64
2182;67
2183;68
2184;68
2185;69
2186;67
2187;66
2188;66
2189;65
2190;66
2191;67
2192;65
2193;66
2194;68
2195;66
2196;68
2197;68
2198;66
2199;66
2200;66
2201;67
2202;67
2203;67
2204;67
2205;67
2206;67
2207;67
2208;67
2209;68
2210;68
2211;66
2212;65
2213;66
2214;66
2215;64
2216;67
2217;67
2218;67
2219;67
2220;68
2221;67
2222;64
2223;66
2224;65
2225;68
2226;66
2227;66
2228;66
2229;67
2230;68
2231;69
2232;67
2233;66
2234;66
2235;67
2236;67
2237;67
2238;66
2239;67
2240;65
2241;68
2242;67
2243;68
2244;68
2245;66
2246;67
2247;69
2248;66
2249;67
2250;68
2251;68
2252;69
2253;67
2254;67
2255;68
2256;66
2257;66
2258;69
2259;66
2260;67
2261;67
2262;66
2263;66
2264;67
2265;67
2266;65
2267;66
2268;66
2269;65
2270;66
2271;68
2272;69
2273;68
2274;66
2275;67
2276;67
2277;66
2278;68
2279;66
2280;66
2281;65
2282;66
2283;66
2284;69
2285;69
2286;69
2287;67
2288;65
2289;66
2290;65
2291;66
2292;67
2293;67
2294;68
2295;68
2296;66
2297;67
2298;65
2299;67
2300;68
2301;66
2302;68
2303;68
2304;67
2305;67
2306;68
2307;66
2308;68
2309;67
2310;68
2311;67
2312;66
2313;67
2314;67
2315;67
2316;66
2317;66
2318;66
2319;66
2320;67
2321;67
2322;69
2323;67
2324;65
2325;67
2326;67
2327;68
2328;66
2329;66
2330;66
2331;66
2332;66
2333;66
2334;67
2335;66
2336;68
2337;66
2338;67
2339;67
2340;69
2341;67
2342;66
2343;66
2344;65
2345;68
2346;68
2347;67
2348;65
2349;67
2350;68
2351;66
2352;68
2353;66
2354;66
2355;67
2356;68
2357;65
2358;67
2359;65
2360;66
2361;68
2362;66
2363;67
2364;66
2365;66
2366;69
2367;68
2368;64
2369;67
2370;67
2371;65
2372;68
2373;68
2374;66
2375;69
2376;68
2377;66
2378;66
2379;67
2380;66
2381;67
2382;66
2383;67
2384;65
2385;69
2386;68
2387;66
2388;66
2389;66
2390;67
2391;66
2392;67
2393;67
2394;65
2395;69
2396;68
2397;66
2398;68
2399;69
2400;66
2401;67
2402;68
2403;65
2404;66
2405;69
2406;67
2407;69
2408;66
2409;67
2410;68
2411;66
2412;67
2413;65
2414;67
2415;66
2416;67
2417;65
2418;66
2419;66
2420;67
2421;67
2422;65
2423;65
2424;66
2425;65
2426;68
2427;64
2428;67
2429;66
2430;66
2431;67
2432;67
2433;67
2434;67
2435;68
2436;67
2437;65
2438;68
2439;66
2440;66
2441;67
2442;66
2443;66
2444;66
2445;65
2446;67
2447;66
2448;68
2449;69
2450;66
2451;64
2452;67
2453;66
2454;65
2455;66
2456;66
2457;68
2458;67
2459;66
2460;67
2461;69
2462;66
2463;67
2464;65
2465;67
2466;68
2467;68
2468;68
2469;68
2470;66
2471;67
2472;69
2473;67
2474;66
2475;67
2476;67
2477;67
2478;67
2479;66
2480;68
2481;68
2482;64
2483;68
2484;67
2485;69
2486;66
2487;67
2488;67
2489;66
2490;68
2491;68
2492;65
2493;67
2494;66
2495;66
2496;65
2497;67
2498;65
2499;68
2500;66
2501;67
2502;65
2503;68
2504;68
2505;67
2506;67
2507;67
2508;66
2509;66
2510;69
2511;65
2512;67
2513;67
2514;68
2515;68
2516;66
2517;66
2518;67
2519;65
2520;68
2521;66
2522;67
2523;68
2524;68
2525;67
2526;65
2527;65
2528;67
2529;66
2530;67
2531;66
2532;66
2533;67
2534;67
2535;68
2536;68
2537;67
2538;65
2539;67
2540;66
2541;67
2542;67
2543;67
2544;68
2545;67
2546;65
2547;67
2548;66
2549;65
2550;65
2551;68
2552;67
2553;69
2554;68
2555;67
2556;66
2557;66
2558;66
2559;65
2560;67
2561;68
2562;67
2563;65
2564;68
2565;67
2566;69
2567;65
2568;67
2569;66
2570;66
2571;68
2572;67
2573;68
2574;68
2575;68
2576;67
2577;68
2578;68
2579;66
2580;67
2581;67
2582;70
2583;68
2584;67
2585;65
2586;67
2587;68
2588;68
2589;66
2590;69
2591;68
2592;69
2593;66
2594;67
2595;65
2596;67
2597;66
2598;67
2599;65
2600;66
2601;68
2602;66
2603;68
2604;68
2605;68
2606;66
2607;67
2608;67
2609;67
2610;65
2611;66
2612;69
2613;66
2614;66
2615;67
2616;64
2617;67
2618;68
2619;67
2620;68
2621;67
2622;68
2623;63
2624;66
2625;66
2626;67
2627;66
2628;67
2629;67
2630;66
2631;68
2632;68
2633;66
2634;66
2635;65
2636;66
2637;67
2638;68
2639;64
2640;69
2641;68
2642;66
2643;69
2644;68
2645;68
2646;66
2647;65
2648;67
2649;67
2650;66
2651;68
2652;66
2653;68
2654;67
2655;68
2656;68
2657;66
2658;68
2659;68
2660;67
2661;67
2662;66
2663;67
2664;68
2665;67
2666;68
2667;69
2668;66
2669;67
2670;67
2671;65
2672;67
2673;67
2674;66
2675;65
2676;66
2677;66
2678;66
2679;67
2680;68
2681;68
2682;65
2683;68
2684;65
2685;65
2686;67
2687;67
2688;66
2689;68
2690;68
2691;66
2692;66
2693;65
2694;68
2695;67
2696;67
2697;67
2698;67
2699;67
2700;66
2701;67
2702;65
2703;66
2704;67
2705;67
2706;68
2707;66
2708;68
2709;66
2710;67
2711;68
2712;66
2713;69
2714;66
2715;66
2716;67
2717;67
2718;68
2719;66
2720;67
2721;66
2722;67
2723;67
2724;69
2725;67
2726;66
2727;67
2728;66
2729;66
2730;66
2731;67
2732;68
2733;68
2734;68
2735;67
2736;67
2737;68
2738;67
2739;66
2740;68
2741;66
2742;66
2743;67
2744;67
2745;68
2746;66
2747;66
2748;66
2749;68
2750;65
2751;66
2752;67
2753;68
2754;67
2755;66
2756;67
2757;67
2758;67
2759;65
2760;68
2761;67
2762;66
2763;66
2764;67
2765;66
2766;65
2767;67
2768;65
2769;67
2770;67
2771;66
2772;67
2773;67
2774;67
2775;67
2776;67
2777;66
2778;67
2779;65
2780;67
2781;67
2782;67
2783;68
2784;68
2785;66
2786;67
2787;66
2788;67
2789;67
2790;68
2791;69
2792;67
2793;67
2794;67
2795;68
2796;69
2797;68
2798;67
2799;69
2800;67
2801;66
2802;65
2803;69
2804;67
2805;66
2806;66
2807;66
2808;66
2809;67
2810;65
2811;67
2812;67
2813;68
2814;67
2815;66
2816;67
2817;66
2818;66
2819;67
2820;68
2821;67
2822;68
2823;67
2824;68
2825;66
2826;68
2827;66
2828;67
2829;67
2830;65
2831;66
2832;69
2833;67
2834;68
2835;69
2836;65
2837;68
2838;66
2839;67
2840;67
2841;66
2842;66
2843;66
2844;65
2845;68
2846;66
2847;65
2848;66
2849;68
2850;67
2851;67
2852;65
2853;67
2854;66
2855;66
2856;66
2857;66
2858;68
2859;67
2860;66
2861;68
2862;67
2863;66
2864;67
2865;68
2866;68
2867;66
2868;69
2869;66
2870;67
2871;66
2872;64
2873;65
2874;66
2875;66
2876;66
2877;68
2878;66
2879;68
2880;66
2881;69
2882;68
2883;66
2884;65
2885;66
2886;66
2887;67
2888;69
2889;68
2890;64
2891;67
2892;66
2893;67
2894;67
2895;68
2896;66
2897;66
2898;69
2899;67
2900;68
2901;66
2902;68
2903;68
2904;67
2905;66
2906;69
2907;66
2908;66
2909;68
2910;68
2911;66
2912;66
2913;66
2914;66
2915;69
2916;66
2917;65
2918;65
2919;65
2920;64
2921;66
2922;68
2923;68
2924;69
2925;66
2926;67
2927;67
2928;67
2929;66
2930;66
2931;67
2932;67
2933;66
2934;67
2935;66
2936;68
2937;68
2938;69
2939;66
2940;67
2941;69
2942;67
2943;68
2944;66
2945;67
2946;67
2947;66
2948;66
2949;64
2950;67
2951;66
2952;66
2953;67
2954;68
2955;67
2956;66
2957;67
2958;68
2959;68
2960;67
2961;68
2962;65
2963;65
2964;66
2965;68
2966;67
2967;68
2968;68
2969;67
2970;68
2971;68
2972;68
2973;67
2974;68
2975;65
2976;65
2977;67
2978;66
2979;65
2980;66
2981;67
2982;66
2983;65
2984;66
2985;67
2986;65
2987;65
2988;67
2989;67
2990;67
2991;65
2992;66
2993;68
2994;68
2995;67
2996;65
2997;69
2998;65
2999;66
3000;67
3001;67
3002;65
3003;66
3004;65
3005;66
3006;65
3007;68
3008;66
3009;65
3010;66
3011;66
3012;67
3013;67
3014;67
3015;68
3016;67
3017;66
3018;65
3019;67
3020;66
3021;68
3022;66
3023;67
3024;66
3025;66
3026;66
3027;66
3028;67
3029;69
3030;68
3031;66
3032;68
3033;68
3034;68
3035;67
3036;66
3037;68
3038;66
3039;65
3040;65
3041;68
3042;67
3043;68
3044;67
3045;66
3046;68
3047;67
3048;67
3049;67
3050;66
3051;66
3052;67
3053;68
3054;66
3055;67
3056;67
3057;67
3058;67
3059;67
3060;67
3061;66
3062;67
3063;64
3064;67
3065;66
3066;65
3067;67
3068;68
3069;68
3070;66
3071;68
3072;65
3073;67
3074;67
3075;67
3076;67
3077;67
3078;66
3079;66
3080;68
3081;68
3082;67
3083;68
3084;68
3085;65
3086;70
3087;67
3088;66
3089;67
3090;66
3091;66
3092;64
3093;66
3094;68
3095;69
3096;68
3097;67
3098;65
3099;66
3100;66
3101;67
3102;67
3103;67
3104;69
3105;67
3106;67
3107;67
3108;65
3109;66
3110;66
3111;67
3112;68
3113;69
3114;65
3115;67
3116;66
3117;65
3118;68
3119;68
3120;67
3121;68
3122;69
3123;66
3124;66
3125;65
3126;67
3127;68
3128;68
3129;67
3130;64
3131;65
3132;67
3133;67
3134;66
3135;67
3136;67
3137;66
3138;66
3139;67
3140;68
3141;66
3142;67
3143;68
3144;66
3145;67
3146;67
3147;66
3148;67
3149;67
3150;65
3151;66
3152;68
3153;67
3154;66
3155;66
3156;67
3157;66
3158;68
3159;67
3160;66
3161;65
3162;67
3163;67
3164;67
3165;64
3166;67
3167;66
3168;68
3169;67
3170;68
3171;67
3172;67
3173;66
3174;66
3175;68
3176;65
3177;66
3178;69
3179;67
3180;66
3181;69
3182;65
3183;67
3184;65
3185;69
3186;66
3187;65
3188;65
3189;69
3190;66
3191;67
3192;67
3193;66
3194;67
3195;67
3196;66
3197;66
3198;65
3199;66
3200;66
3201;66
3202;67
3203;66
3204;67
3205;66
3206;67
3207;66
3208;66
3209;67
3210;67
3211;66
3212;67
3213;67
3214;65
3215;65
3216;66
3217;65
3218;69
3219;67
3220;65
3221;67
3222;66
3223;67
3224;67
3225;67
3226;67
3227;67
3228;69
3229;65
3230;67
3231;66
3232;67
3233;68
3234;69
3235;67
3236;67
3237;66
3238;67
3239;68
3240;68
3241;66
3242;65
3243;67
3244;67
3245;68
3246;66
3247;66
3248;67
3249;69
3250;66
3251;66
3252;67
3253;66
3254;66
3255;67
3256;69
3257;66
3258;68
3259;67
3260;68
3261;67
3262;65
3263;66
3264;66
3265;67
3266;65
3267;66
3268;66
3269;67
3270;65
3271;67
3272;66
3273;66
3274;70
3275;68
3276;66
3277;68
3278;65
3279;66
3280;69
3281;67
3282;67
3283;66
3284;68
3285;66
3286;68
3287;65
3288;67
3289;68
3290;68
3291;66
3292;66
3293;66
3294;69
3295;65
3296;67
3297;68
3298;66
3299;68
3300;66
3301;67
3302;66
3303;67
3304;66
3305;67
3306;68
3307;66
3308;68
3309;66
3310;65
3311;67
3312;66
3313;68
3314;68
3315;68
3316;67
3317;67
3318;67
3319;65
3320;68
3321;67
3322;67
3323;66
3324;67
3325;64
3326;65
3327;67
3328;67
3329;67
3330;66
3331;65
3332;65
3333;65
3334;66
3335;68
3336;66
3337;68
3338;66
3339;66
3340;67
3341;68
3342;69
3343;67
3344;66
3345;67
3346;66
3347;65
3348;67
3349;67
3350;66
3351;66
3352;67
3353;65
3354;68
3355;65
3356;67
3357;67
3358;67
3359;66
3360;66
3361;67
3362;67
3363;68
3364;67
3365;68
3366;67
3367;67
3368;68
3369;67
3370;66
3371;65
3372;66
3373;68
3374;67
3375;66
3376;65
3377;66
3378;68
3379;66
3380;68
3381;67
3382;69
3383;67
3384;66
3385;68
3386;67
3387;68
3388;67
3389;66
3390;67
3391;66
3392;66
3393;67
3394;68
3395;69
3396;65
3397;67
3398;68
3399;66
3400;66
3401;66
3402;67
3403;68
3404;68
3405;68
3406;66
3407;67
3408;67
3409;66
3410;67
3411;66
3412;68
3413;66
3414;67
3415;66
3416;67
3417;67
3418;66
3419;66
3420;67
3421;67
3422;68
3423;67
3424;67
3425;68
3426;68
3427;66
3428;68
3429;66
3430;65
3431;67
3432;66
3433;67
3434;68
3435;66
3436;68
3437;68
3438;69
3439;65
3440;67
3441;66
3442;66
3443;67
3444;67
3445;67
3446;67
3447;66
3448;70
3449;68
3450;67
3451;66
3452;68
3453;68
3454;66
3455;68
3456;67
3457;64
3458;65
3459;68
3460;67
3461;65
3462;65
3463;67
3464;67
3465;66
3466;67
3467;67
3468;67
3469;66
3470;66
3471;66
3472;66
3473;67
3474;67
3475;66
3476;66
3477;65
3478;65
3479;67
3480;67
3481;68
3482;66
3483;66
3484;67
3485;67
3486;65
3487;67
3488;64
3489;68
3490;66
3491;67
3492;66
3493;67
3494;67
3495;67
3496;67
3497;66
3498;65
3499;68
3500;67
3501;68
3502;67
3503;67
3504;68
3505;67
3506;69
3507;66
3508;68
3509;66
3510;67
3511;66
3512;66
3513;68
3514;67
3515;66
3516;66
3517;69
3518;66
3519;65
3520;66
3521;67
3522;66
3523;66
3524;68
3525;67
3526;68
3527;66
3528;66
3529;66
3530;68
3531;66
3532;68
3533;65
3534;68
3535;68
3536;67
3537;69
3538;67
3539;67
3540;68
3541;66
3542;67
3543;69
3544;67
3545;66
3546;66
3547;67
3548;68
3549;67
3550;67
3551;66
3552;67
3553;66
3554;67
3555;65
3556;66
3557;68
3558;66
3559;66
3560;68
3561;67
3562;68
3563;67
3564;66
3565;66
3566;67
3567;69
3568;65
3569;66
3570;66
3571;65
3572;67
3573;67
3574;67
3575;68
3576;67
3577;67
3578;67
3579;66
3580;65
3581;67
3582;67
3583;67
3584;67
3585;68
3586;68
3587;67
3588;67
3589;67
3590;67
3591;64
3592;67
3593;66
3594;69
3595;67
3596;68
3597;66
3598;67
3599;68
3600;65
3601;67
3602;68
3603;67
3604;64
3605;68
3606;67
3607;67
3608;66
3609;67
3610;68
3611;67
3612;67
3613;68
3614;67
3615;67
3616;65
3617;68
3618;67
3619;67
3620;66
3621;66
3622;66
3623;67
3624;66
3625;69
3626;65
3627;66
3628;68
3629;68
3630;68
3631;66
3632;68
3633;66
3634;68
3635;68
3636;65
3637;68
3638;68
3639;69
3640;67
3641;67
3642;67
3643;68
3644;66
3645;66
3646;65
3647;67
3648;67
3649;67
3650;66
3651;68
3652;66
3653;65
3654;67
3655;67
3656;66
3657;66
3658;67
3659;67
3660;67
3661;65
3662;69
3663;66
3664;67
3665;68
3666;68
3667;68
3668;68
3669;66
3670;66
3671;69
3672;67
3673;67
3674;66
3675;69
3676;66
3677;65
3678;67
3679;67
3680;65
3681;65
3682;67
3683;67
3684;67
3685;66
3686;66
3687;67
3688;67
3689;67
3690;67
3691;67
3692;66
3693;67
3694;67
3695;67
3696;67
3697;66
3698;68
3699;66
3700;66
3701;66
3702;69
3703;66
3704;68
3705;67
3706;67
3707;65
3708;67
3709;66
3710;67
3711;67
3712;65
3713;68
3714;66
3715;67
3716;66
3717;66
3718;67
3719;68
3720;67
3721;65
3722;67
3723;65
3724;67
3725;65
3726;65
3727;67
3728;66
3729;67
3730;66
3731;65
3732;68
3733;67
3734;66
3735;67
3736;67
3737;67
3738;67
3739;65
3740;67
3741;66
3742;67
3743;68
3744;70
3745;66
3746;67
3747;67
3748;67
3749;67
3750;66
3751;66
3752;66
3753;68
3754;67
3755;68
3756;66
3757;66
3758;65
3759;67
3760;65
3761;67
3762;66
3763;67
3764;66
3765;67
3766;67
3767;68
3768;69
3769;65
3770;66
3771;68
3772;66
3773;67
3774;66
3775;65
3776;67
3777;66
3778;67
3779;65
3780;67
3781;68
3782;66
3783;68
3784;64
3785;66
3786;66
3787;66
3788;66
3789;65
3790;67
3791;66
3792;66
3793;67
3794;68
3795;66
3796;68
3797;67
3798;68
3799;68
3800;65
3801;66
3802;67
3803;66
3804;66
3805;67
3806;66
3807;68
3808;68
3809;65
3810;67
3811;66
3812;66
3813;68
3814;68
3815;67
3816;67
3817;66
3818;68
3819;65
3820;66
3821;64
3822;67
3823;65
3824;67
3825;66
3826;68
3827;66
3828;67
3829;66
3830;67
3831;66
3832;67
3833;66
3834;67
3835;66
3836;67
3837;66
3838;69
3839;67
3840;68
3841;68
3842;68
3843;65
3844;67
3845;67
3846;68
3847;67
3848;66
3849;66
3850;68
3851;65
3852;66
3853;67
3854;65
3855;67
3856;66
3857;69
3858;66
3859;66
3860;65
3861;66
3862;66
3863;68
3864;67
3865;67
3866;67
3867;68
3868;67
3869;67
3870;65
3871;66
3872;66
3873;67
3874;68
3875;67
3876;66
3877;66
3878;64
3879;67
3880;65
3881;64
3882;67
3883;66
3884;68
3885;67
3886;66
3887;68
3888;65
3889;66
3890;65
3891;66
3892;67
3893;65
3894;68
3895;68
3896;66
3897;68
3898;65
3899;66
3900;68
3901;67
3902;66
3903;67
3904;68
3905;66
3906;65
3907;69
3908;66
3909;67
3910;67
3911;67
3912;68
3913;68
3914;65
3915;67
3916;68
3917;66
3918;65
3919;67
3920;68
3921;68
3922;66
3923;66
3924;69
3925;65
3926;68
3927;68
3928;66
3929;67
3930;68
3931;66
3932;65
3933;68
3934;66
3935;68
3936;66
3937;67
3938;66
3939;68
3940;66
3941;67
3942;67
3943;67
3944;68
3945;66
3946;66
3947;66
3948;68
3949;67
3950;65
3951;68
3952;67
3953;67
3954;66
3955;68
3956;67
3957;66
3958;67
3959;67
3960;65
3961;67
3962;67
3963;66
3964;67
3965;67
3966;64
3967;68
3968;67
3969;66
3970;68
3971;66
3972;66
3973;67
3974;67
3975;67
3976;68
3977;68
3978;68
3979;66
3980;67
3981;65
3982;66
3983;66
3984;67
3985;66
3986;67
3987;66
3988;67
3989;67
3990;69
3991;67
3992;68
3993;66
3994;67
3995;67
3996;65
3997;68
3998;67
3999;67
4000;64
4001;66
4002;67
4003;69
4004;68
4005;68
4006;67
4007;67
4008;67
4009;68
4010;67
4011;65
4012;67
4013;66
4014;67
4015;68
4016;69
4017;66
4018;67
4019;66
4020;66
4021;68
4022;67
4023;67
4024;64
4025;68
4026;68
4027;67
4028;68
4029;67
4030;67
4031;66
4032;67
4033;68
4034;66
4035;68
4036;66
4037;68
4038;67
4039;67
4040;66
4041;67
4042;65
4043;67
4044;68
4045;68
4046;67
4047;68
4048;67
4049;66
4050;67
4051;67
4052;67
4053;67
4054;68
4055;68
4056;67
4057;67
4058;67
4059;67
4060;66
4061;67
4062;68
4063;68
4064;69
4065;68
4066;67
4067;68
4068;68
4069;66
4070;68
4071;68
4072;66
4073;67
4074;67
4075;68
4076;68
4077;66
4078;65
4079;67
4080;66
4081;67
4082;65
4083;67
4084;67
4085;66
4086;66
4087;66
4088;68
4089;67
4090;66
4091;66
4092;67
4093;67
4094;67
4095;66
4096;66
4097;65
4098;69
4099;65
4100;68
4101;67
4102;66
4103;68
4104;67
4105;66
4106;66
4107;68
4108;67
4109;68
4110;68
4111;67
4112;68
4113;66
4114;68
4115;66
4116;67
4117;68
4118;68
4119;69
4120;67
4121;66
4122;68
4123;67
4124;67
4125;67
4126;67
4127;68
4128;66
4129;67
4130;68
4131;66
4132;65
4133;68
4134;67
4135;67
4136;66
4137;68
4138;66
4139;66
4140;66
4141;67
4142;68
4143;66
4144;66
4145;67
4146;65
4147;65
4148;67
4149;67
4150;68
4151;68
4152;67
4153;65
4154;65
4155;66
4156;67
4157;67
4158;66
4159;67
4160;67
4161;67
4162;67
4163;68
4164;68
4165;65
4166;66
4167;67
4168;66
4169;68
4170;66
4171;67
4172;66
4173;68
4174;66
4175;66
4176;67
4177;67
4178;68
4179;65
4180;66
4181;67
4182;66
4183;67
4184;67
4185;66
4186;65
4187;67
4188;67
4189;66
4190;68
4191;69
4192;68
4193;66
4194;66
4195;66
4196;67
4197;67
4198;66
4199;65
4200;65
4201;67
4202;66
4203;68
4204;67
4205;66
4206;66
4207;68
4208;66
4209;66
4210;68
4211;67
4212;69
4213;67
4214;67
4215;67
4216;68
4217;65
4218;68
4219;68
4220;64
4221;67
4222;67
4223;68
4224;66
4225;65
4226;67
4227;67
4228;67
4229;66
4230;67
4231;66
4232;66
4233;67
4234;65
4235;68
4236;66
4237;66
4238;67
4239;68
4240;67
4241;68
4242;67
4243;65
4244;65
4245;67
4246;66
4247;67
4248;66
4249;67
4250;65
4251;67
4252;67
4253;66
4254;66
4255;67
4256;68
4257;65
4258;65
4259;66
4260;67
4261;66
4262;66
4263;68
4264;67
4265;67
4266;66
4267;65
4268;67
4269;66
4270;68
4271;66
4272;67
4273;66
4274;68
4275;67
4276;66
4277;64
4278;67
4279;68
4280;65
4281;67
4282;67
4283;66
4284;68
4285;66
4286;68
4287;66
4288;67
4289;67
4290;68
4291;67
4292;67
4293;69
4294;65
4295;67
4296;67
4297;66
4298;67
4299;66
4300;68
4301;68
4302;66
4303;65
4304;65
4305;66
4306;67
4307;65
4308;67
4309;68
4310;65
4311;67
4312;67
4313;68
4314;68
4315;66
4316;68
4317;69
4318;67
4319;66
4320;67
4321;66
4322;68
4323;67
4324;68
4325;66
4326;68
4327;66
4328;65
4329;67
4330;66
4331;66
4332;68
4333;67
4334;66
4335;65
4336;66
4337;67
4338;67
4339;66
4340;66
4341;68
4342;65
4343;66
4344;65
4345;68
4346;65
4347;66
4348;66
4349;68
4350;66
4351;68
4352;68
4353;67
4354;65
4355;66
4356;65
4357;66
4358;67
4359;67
4360;65
4361;66
4362;67
4363;67
4364;66
4365;66
4366;67
4367;66
4368;67
4369;68
4370;67
4371;66
4372;66
4373;66
4374;67
4375;65
4376;66
4377;68
4378;68
4379;68
4380;65
4381;66
4382;66
4383;66
4384;68
4385;67
4386;65
4387;65
4388;65
4389;67
4390;64
4391;68
4392;68
4393;68
4394;68
4395;65
4396;68
4397;66
4398;66
4399;67
4400;69
4401;65
4402;68
4403;66
4404;65
4405;65
4406;65
4407;67
4408;66
4409;67
4410;65
4411;67
4412;67
4413;65
4414;67
4415;67
4416;65
4417;67
4418;66
4419;67
4420;65
4421;65
4422;67
4423;66
4424;66
4425;68
4426;68
4427;68
4428;66
4429;67
4430;68
4431;68
4432;68
4433;65
4434;66
4435;66
4436;68
4437;66
4438;66
4439;67
4440;66
4441;67
4442;65
4443;66
4444;67
4445;66
4446;66
4447;65
4448;68
4449;66
4450;67
4451;68
4452;66
4453;67
4454;66
4455;67
4456;65
4457;68
4458;66
4459;67
4460;66
4461;68
4462;68
4463;66
4464;67
4465;67
4466;67
4467;67
4468;67
4469;69
4470;64
4471;68
4472;66
4473;66
4474;66
4475;67
4476;68
4477;65
4478;67
4479;67
4480;68
4481;65
4482;66
4483;67
4484;66
4485;68
4486;67
4487;67
4488;69
4489;66
4490;67
4491;66
4492;67
4493;68
4494;67
4495;66
4496;66
4497;67
4498;67
4499;69
4500;68
4501;66
4502;66
4503;68
4504;66
4505;67
4506;68
4507;66
4508;66
4509;67
4510;65
4511;67
4512;67
4513;68
4514;66
4515;67
4516;66
4517;66
4518;67
4519;65
4520;65
4521;66
4522;66
4523;66
4524;67
4525;66
4526;67
4527;67
4528;69
4529;67
4530;65
4531;66
4532;66
4533;69
4534;67
4535;66
4536;67
4537;66
4538;66
4539;67
4540;66
4541;68
4542;67
4543;67
4544;69
4545;66
4546;67
4547;68
4548;67
4549;68
4550;67
4551;66
4552;67
4553;67
4554;67
4555;67
4556;67
4557;67
4558;67
4559;67
4560;68
4561;66
4562;67
4563;66
4564;68
4565;65
4566;65
4567;67
4568;67
4569;68
4570;68
4571;67
4572;66
4573;66
4574;66
4575;66
4576;68
4577;66
4578;66
4579;65
4580;67
4581;68
4582;67
4583;66
4584;65
4585;67
4586;67
4587;66
4588;68
4589;68
4590;68
4591;66
4592;67
4593;65
4594;66
4595;68
4596;65
4597;66
4598;68
4599;67
4600;68
4601;66
4602;69
4603;68
4604;69
4605;66
4606;66
4607;65
4608;69
4609;66
4610;65
4611;66
4612;68
4613;67
4614;67
4615;68
4616;66
4617;66
4618;67
4619;69
4620;68
4621;68
4622;69
4623;67
4624;66
4625;66
4626;67
4627;67
4628;67
4629;69
4630;65
4631;66
4632;67
4633;67
4634;66
4635;67
4636;68
4637;65
4638;68
4639;67
4640;66
4641;67
4642;66
4643;66
4644;69
4645;67
4646;67
4647;67
4648;66
4649;67
4650;66
4651;66
4652;66
4653;68
4654;68
4655;67
4656;68
4657;68
4658;65
4659;66
4660;65
4661;68
4662;65
4663;67
4664;68
4665;66
4666;65
4667;64
4668;67
4669;69
4670;66
4671;68
4672;65
4673;67
4674;68
4675;69
4676;67
4677;68
4678;67
4679;67
4680;66
4681;67
4682;67
4683;69
4684;67
4685;68
4686;69
4687;67
4688;69
4689;68
4690;67
4691;68
4692;68
4693;67
4694;67
4695;66
4696;67
4697;66
4698;66
4699;66
4700;66
4701;66
4702;65
4703;68
4704;67
4705;66
4706;67
4707;65
4708;68
4709;67
4710;65
4711;65
4712;67
4713;68
4714;68
4715;65
4716;67
4717;66
4718;65
4719;67
4720;67
4721;67
4722;66
4723;66
4724;67
4725;66
4726;66
4727;66
4728;66
4729;68
4730;68
4731;67
4732;66
4733;67
4734;67
4735;66
4736;67
4737;69
4738;68
4739;68
4740;65
4741;68
4742;66
4743;67
4744;68
4745;68
4746;68
4747;66
4748;67
4749;66
4750;65
4751;65
4752;65
4753;68
4754;67
4755;66
4756;67
4757;67
4758;67
4759;66
4760;67
4761;68
4762;67
4763;67
4764;68
4765;67
4766;66
4767;68
4768;68
4769;64
4770;66
4771;67
4772;67
4773;67
4774;67
4775;68
4776;67
4777;69
4778;66
4779;67
4780;65
4781;65
4782;66
4783;67
4784;69
4785;69
4786;68
4787;66
4788;66
4789;66
4790;68
4791;67
4792;65
4793;65
4794;68
4795;67
4796;65
4797;67
4798;66
4799;68
4800;67
4801;68
4802;67
4803;66
4804;67
4805;67
4806;66
4807;65
4808;64
4809;66
4810;66
4811;67
4812;67
4813;68
4814;68
4815;68
4816;68
4817;67
4818;67
4819;65
4820;65
4821;68
4822;67
4823;66
4824;65
4825;68
4826;67
4827;67
4828;70
4829;67
4830;67
4831;67
4832;66
4833;66
4834;67
4835;68
4836;67
4837;67
4838;68
4839;67
4840;68
4841;67
4842;66
4843;67
4844;66
4845;68
4846;68
4847;65
4848;68
4849;68
4850;65
4851;67
4852;66
4853;67
4854;66
4855;65
4856;67
4857;67
4858;66
4859;67
4860;66
4861;69
4862;67
4863;66
4864;66
4865;65
4866;66
4867;67
4868;66
4869;67
4870;68
4871;68
4872;67
4873;68
4874;66
4875;70
4876;67
4877;67
4878;69
4879;65
4880;67
4881;66
4882;65
4883;66
4884;67
4885;68
4886;66
4887;65
4888;67
4889;68
4890;68
4891;66
4892;66
4893;66
4894;66
4895;65
4896;67
4897;68
4898;68
4899;66
4900;68
4901;69
4902;66
4903;65
4904;66
4905;66
4906;64
4907;65
4908;66
4909;67
4910;65
4911;67
4912;66
4913;68
4914;66
4915;68
4916;66
4917;66
4918;67
4919;67
4920;68
4921;65
4922;65
4923;67
4924;68
4925;67
4926;67
4927;67
4928;68
4929;66
4930;67
4931;67
4932;67
4933;65
4934;67
4935;67
4936;68
4937;66
4938;66
4939;66
4940;66
4941;65
4942;67
4943;67
4944;68
4945;70
4946;67
4947;66
4948;66
4949;66
4950;66
4951;69
4952;66
4953;66
4954;64
4955;67
4956;68
4957;68
4958;68
4959;67
4960;68
4961;67
4962;67
4963;65
4964;67
4965;65
4966;65
4967;66
4968;65
4969;65
4970;67
4971;67
4972;67
4973;68
4974;67
4975;67
4976;65
4977;67
4978;68
4979;67
4980;66
4981;69
4982;68
4983;66
4984;67
4985;66
4986;68
4987;68
4988;66
4989;66
4990;67
4991;68
4992;66
4993;68
4994;67
4995;65
4996;67
4997;68
4998;66
4999;67
5000;66
5001;66
5002;66
5003;68
5004;67
5005;67
5006;66
5007;66
5008;66
5009;67
5010;67
5011;67
5012;66
5013;69
5014;67
5015;67
5016;67
5017;67
5018;67
5019;66
5020;67
5021;67
5022;67
5023;66
5024;67
5025;66
5026;68
5027;66
5028;66
5029;65
5030;68
5031;68
5032;64
5033;67
5034;67
5035;66
5036;68
5037;66
5038;66
5039;68
5040;67
5041;65
5042;67
5043;65
5044;66
5045;67
5046;67
5047;66
5048;64
5049;68
5050;67
5051;64
5052;66
5053;66
5054;68
5055;67
5056;67
5057;65
5058;68
5059;65
5060;67
5061;67
5062;66
5063;66
5064;66
5065;64
5066;66
5067;67
5068;65
5069;66
5070;66
5071;67
5072;70
5073;67
5074;66
5075;67
5076;68
5077;67
5078;66
5079;66
5080;67
5081;68
5082;67
5083;67
5084;69
5085;68
5086;67
5087;67
5088;65
5089;67
5090;67
5091;65
5092;65
5093;67
5094;65
5095;68
5096;66
5097;66
5098;67
5099;67
5100;67
5101;65
5102;68
5103;65
5104;67
5105;66
5106;68
5107;66
5108;66
5109;69
5110;66
5111;68
5112;67
5113;67
5114;66
5115;66
5116;69
5117;67
5118;66
5119;66
5120;67
5121;67
5122;66
5123;67
5124;67
5125;66
5126;66
5127;66
5128;67
5129;67
5130;66
5131;69
5132;68
5133;67
5134;67
5135;66
5136;67
5137;66
5138;67
5139;67
5140;65
5141;67
5142;68
5143;67
5144;69
5145;68
5146;66
5147;68
5148;68
5149;68
5150;68
5151;67
5152;67
5153;65
5154;66
5155;67
5156;68
5157;68
5158;67
5159;67
5160;66
5161;69
5162;68
5163;65
5164;68
5165;67
5166;67
5167;70
5168;68
5169;67
5170;69
5171;65
5172;65
5173;69
5174;67
5175;67
5176;67
5177;66
5178;68
5179;67
5180;67
5181;68
5182;67
5183;66
5184;67
5185;66
5186;68
5187;68
5188;69
5189;66
5190;67
5191;66
5192;67
5193;67
5194;67
5195;67
5196;69
5197;67
5198;67
5199;67
5200;66
5201;69
5202;64
5203;67
5204;67
5205;67
5206;66
5207;66
5208;66
5209;68
5210;66
5211;64
5212;65
5213;66
5214;66
5215;64
5216;67
5217;67
5218;66
5219;67
5220;67
5221;68
5222;67
5223;66
5224;68
5225;67
5226;63
5227;65
5228;68
5229;66
5230;66
5231;66
5232;67
5233;65
5234;65
5235;67
5236;67
5237;65
5238;69
5239;67
5240;67
5241;67
5242;67
5243;67
5244;68
5245;66
5246;66
5247;66
5248;67
5249;66
5250;65
5251;67
5252;66
5253;68
5254;67
5255;66
5256;69
5257;67
5258;66
5259;67
5260;68
5261;66
5262;67
5263;68
5264;68
5265;68
5266;66
5267;67
5268;67
5269;67
5270;66
5271;66
5272;70
5273;66
5274;66
5275;68
5276;68
5277;66
5278;65
5279;67
5280;67
5281;66
5282;68
5283;66
5284;68
5285;66
5286;65
5287;68
5288;67
5289;67
5290;67
5291;68
5292;68
5293;66
5294;65
5295;66
5296;68
5297;66
5298;67
5299;67
5300;66
5301;64
5302;66
5303;66
5304;67
5305;67
5306;66
5307;66
5308;67
5309;67
5310;66
5311;67
5312;67
5313;67
5314;67
5315;66
5316;69
5317;65
5318;68
5319;65
5320;66
5321;68
5322;67
5323;68
5324;64
5325;68
5326;67
5327;66
5328;67
5329;67
5330;67
5331;67
5332;66
5333;66
5334;67
5335;66
5336;65
5337;68
5338;67
5339;66
5340;65
5341;66
5342;67
5343;68
5344;66
5345;66
5346;68
5347;67
5348;66
5349;68
5350;66
5351;65
5352;64
5353;67
5354;66
5355;67
5356;65
5357;68
5358;68
5359;67
5360;65
5361;65
5362;69
5363;65
5364;67
5365;67
5366;68
5367;65
5368;67
5369;67
5370;69
5371;65
5372;69
5373;66
5374;68
5375;64
5376;66
5377;67
5378;68
5379;68
5380;66
5381;68
5382;68
5383;66
5384;68
5385;66
5386;69
5387;68
5388;67
5389;66
5390;67
5391;67
5392;68
5393;67
5394;66
5395;64
5396;65
5397;67
5398;67
5399;68
5400;67
5401;66
5402;68
5403;66
5404;67
5405;66
5406;68
5407;68
5408;67
5409;66
5410;67
5411;65
5412;65
5413;68
5414;69
5415;66
5416;66
5417;67
5418;66
5419;66
5420;66
5421;66
5422;68
5423;66
5424;66
5425;66
5426;69
5427;68
5428;67
5429;67
5430;67
5431;67
5432;68
5433;69
5434;68
5435;66
5436;68
5437;66
5438;66
5439;67
5440;67
5441;67
5442;67
5443;68
5444;66
5445;66
5446;65
5447;69
5448;66
5449;66
5450;67
5451;66
5452;65
5453;66
5454;66
5455;67
5456;66
5457;68
5458;67
5459;69
5460;66
5461;66
5462;68
5463;69
5464;66
5465;67
5466;66
5467;67
5468;68
5469;66
5470;68
5471;68
5472;68
5473;68
5474;65
5475;67
5476;67
5477;66
5478;69
5479;68
5480;69
5481;68
5482;67
5483;67
5484;67
5485;66
5486;66
5487;67
5488;68
5489;68
5490;68
5491;63
5492;68
5493;67
5494;67
5495;66
5496;67
5497;67
5498;67
5499;68
5500;67
5501;66
5502;66
5503;66
5504;67
5505;68
5506;67
5507;66
5508;67
5509;64
5510;69
5511;66
5512;67
5513;66
5514;67
5515;66
5516;67
5517;69
5518;68
5519;67
5520;67
5521;65
5522;66
5523;66
5524;68
5525;69
5526;66
5527;70
5528;67
5529;69
5530;67
5531;67
5532;70
5533;65
5534;65
5535;66
5536;68
5537;65
5538;66
5539;68
5540;65
5541;67
5542;67
5543;67
5544;65
5545;66
5546;69
5547;66
5548;67
5549;67
5550;67
5551;67
5552;69
5553;67
5554;65
5555;67
5556;70
5557;64
5558;68
5559;68
5560;68
5561;66
5562;67
5563;67
5564;67
5565;68
5566;66
5567;65
5568;68
5569;67
5570;66
5571;68
5572;66
5573;67
5574;66
5575;68
5576;67
5577;66
5578;66
5579;66
5580;66
5581;66
5582;67
5583;67
5584;65
5585;67
5586;66
5587;67
5588;67
5589;68
5590;67
5591;67
5592;66
5593;65
5594;65
5595;68
5596;66
5597;68
5598;69
5599;66
5600;67
5601;67
5602;66
5603;68
5604;69
5605;66
5606;67
5607;66
5608;67
5609;68
5610;67
5611;66
5612;66
5613;66
5614;66
5615;68
5616;67
5617;67
5618;67
5619;66
5620;68
5621;66
5622;67
5623;68
5624;68
5625;67
5626;69
5627;66
5628;67
5629;67
5630;66
5631;68
5632;65
5633;66
5634;67
5635;67
5636;67
5637;67
5638;67
5639;67
5640;67
5641;66
5642;67
5643;67
5644;67
5645;66
5646;67
5647;68
5648;67
5649;65
5650;68
5651;69
5652;68
5653;68
5654;67
5655;67
5656;67
5657;69
5658;67
5659;68
5660;67
5661;67
5662;66
5663;68
5664;67
5665;64
5666;65
5667;67
5668;66
5669;67
5670;68
5671;67
5672;67
5673;68
5674;67
5675;67
5676;68
5677;69
5678;67
5679;69
5680;67
5681;67
5682;67
5683;67
5684;66
5685;68
5686;67
5687;66
5688;67
5689;66
5690;66
5691;67
5692;65
5693;66
5694;67
5695;66
5696;66
5697;66
5698;65
5699;66
5700;69
5701;67
5702;68
5703;66
5704;68
5705;67
5706;66
5707;68
5708;68
5709;68
5710;68
5711;67
5712;66
5713;67
5714;67
5715;69
5716;67
5717;66
5718;66
5719;68
5720;66
5721;68
5722;69
5723;67
5724;67
5725;66
5726;67
5727;67
5728;66
5729;64
5730;67
5731;66
5732;66
5733;67
5734;66
5735;67
5736;64
5737;66
5738;68
5739;68
5740;65
5741;67
5742;66
5743;68
5744;65
5745;68
5746;68
5747;68
5748;66
5749;67
5750;66
5751;67
5752;67
5753;67
5754;67
5755;67
5756;65
5757;66
5758;68
5759;67
5760;67
5761;66
5762;67
5763;67
5764;67
5765;66
5766;67
5767;66
5768;67
5769;65
5770;66
5771;67
5772;67
5773;65
5774;67
5775;69
5776;66
5777;68
5778;68
5779;67
5780;66
5781;66
5782;67
5783;64
5784;66
5785;66
5786;69
5787;65
5788;66
5789;65
5790;66
5791;67
5792;66
5793;65
5794;66
5795;68
5796;66
5797;68
5798;68
5799;67
5800;66
5801;68
5802;68
5803;67
5804;67
5805;65
5806;69
5807;66
5808;66
5809;68
5810;68
5811;66
5812;65
5813;67
5814;68
5815;67
5816;68
5817;66
5818;67
5819;69
5820;66
5821;65
5822;66
5823;67
5824;66
5825;68
5826;67
5827;68
5828;67
5829;66
5830;67
5831;67
5832;67
5833;68
5834;68
5835;66
5836;69
5837;66
5838;66
5839;67
5840;67
5841;67
5842;65
5843;67
5844;69
5845;66
5846;66
5847;67
5848;65
5849;67
5850;66
5851;66
5852;66
5853;65
5854;66
5855;67
5856;67
5857;67
5858;65
5859;66
5860;69
5861;67
5862;65
5863;68
5864;67
5865;67
5866;66
5867;66
5868;66
5869;66
5870;67
5871;67
5872;66
5873;69
5874;67
5875;65
5876;66
5877;65
5878;66
5879;65
5880;66
5881;67
5882;67
5883;65
5884;66
5885;66
5886;68
5887;68
5888;67
5889;66
5890;67
5891;66
5892;67
5893;67
5894;68
5895;67
5896;66
5897;64
5898;69
5899;67
5900;65
5901;67
5902;65
5903;66
5904;67
5905;68
5906;64
5907;67
5908;67
5909;68
5910;68
5911;68
5912;66
5913;67
5914;67
5915;66
5916;66
5917;68
5918;68
5919;67
5920;69
5921;65
5922;67
5923;66
5924;67
5925;68
5926;67
5927;66
5928;67
5929;68
5930;67
5931;67
5932;67
5933;67
5934;68
5935;68
5936;67
5937;65
5938;67
5939;67
5940;66
5941;68
5942;66
5943;64
5944;67
5945;68
5946;67
5947;69
5948;65
5949;67
5950;69
5951;67
5952;69
5953;67
5954;68
5955;68
5956;67
5957;65
5958;67
5959;67
5960;68
5961;66
5962;65
5963;66
5964;67
5965;68
5966;67
5967;66
5968;67
5969;66
5970;66
5971;66
5972;67
5973;66
5974;67
5975;68
5976;68
5977;66
5978;67
5979;65
5980;66
5981;68
5982;66
5983;67
5984;68
5985;64
5986;68
5987;67
5988;65
5989;67
5990;65
5991;67
5992;68
5993;68
5994;66
5995;67
5996;66
5997;67
5998;69
5999;68
6000;66
6001;67
6002;68
6003;65
6004;68
6005;66
6006;66
6007;68
6008;67
6009;67
6010;67
6011;66
6012;68
6013;67
6014;68
6015;68
6016;67
6017;67
6018;65
6019;65
6020;66
6021;68
6022;66
6023;67
6024;66
6025;66
6026;66
6027;66
6028;68
6029;68
6030;67
6031;67
6032;66
6033;65
6034;65
6035;65
6036;66
6037;68
6038;66
6039;66
6040;68
6041;65
6042;67
6043;65
6044;67
6045;67
6046;67
6047;66
6048;67
6049;67
6050;67
6051;68
6052;66
6053;67
6054;67
6055;67
6056;66
6057;67
6058;65
6059;67
6060;65
6061;65
6062;66
6063;66
6064;66
6065;66
6066;69
6067;68
6068;65
6069;66
6070;67
6071;68
6072;67
6073;68
6074;67
6075;67
6076;66
6077;67
6078;66
6079;67
6080;67
6081;64
6082;66
6083;67
6084;68
6085;67
6086;66
6087;67
6088;66
6089;66
6090;68
6091;68
6092;66
6093;66
6094;68
6095;68
6096;67
6097;68
6098;68
6099;67
6100;70
6101;68
6102;65
6103;67
6104;66
6105;66
6106;68
6107;66
6108;67
6109;66
6110;67
6111;66
6112;67
6113;66
6114;67
6115;67
6116;66
6117;67
6118;66
6119;67
6120;66
6121;68
6122;68
6123;65
6124;65
6125;67
6126;66
6127;66
6128;66
6129;69
6130;67
6131;66
6132;67
6133;68
6134;65
6135;67
6136;67
6137;68
6138;66
6139;66
6140;67
6141;67
6142;66
6143;66
6144;65
6145;67
6146;67
6147;66
6148;69
6149;69
6150;66
6151;65
6152;67
6153;66
6154;65
6155;67
6156;66
6157;68
6158;67
6159;65
6160;66
6161;66
6162;64
6163;66
6164;67
6165;68
6166;67
6167;67
6168;64
6169;66
6170;67
6171;66
6172;66
6173;67
6174;67
6175;66
6176;65
6177;68
6178;66
6179;67
6180;68
6181;67
6182;67
6183;68
6184;67
6185;67
6186;66
6187;67
6188;67
6189;68
6190;67
6191;67
6192;65
6193;67
6194;65
6195;67
6196;64
6197;66
6198;66
6199;66
6200;69
6201;66
6202;67
6203;64
6204;68
6205;67
6206;68
6207;67
6208;67
6209;68
6210;66
6211;64
6212;67
6213;66
6214;66
6215;67
6216;66
6217;67
6218;66
6219;67
6220;66
6221;66
6222;68
6223;68
6224;66
6225;67
6226;66
6227;65
6228;67
6229;68
6230;67
6231;66
6232;67
6233;67
6234;69
6235;68
6236;70
6237;67
6238;68
6239;67
6240;65
6241;67
6242;66
6243;66
6244;67
6245;67
6246;66
6247;68
6248;67
6249;67
6250;66
6251;68
6252;65
6253;66
6254;68
6255;67
6256;65
6257;67
6258;66
6259;67
6260;65
6261;66
6262;66
6263;68
6264;67
6265;67
6266;67
6267;67
6268;65
6269;66
6270;67
6271;65
6272;67
6273;67
6274;68
6275;65
6276;67
6277;68
6278;67
6279;66
6280;65
6281;65
6282;66
6283;66
6284;68
6285;67
6286;67
6287;66
6288;68
6289;65
6290;67
6291;66
6292;68
6293;67
6294;66
6295;68
6296;66
6297;66
6298;68
6299;66
6300;67
6301;66
6302;69
6303;66
6304;67
6305;68
6306;67
6307;67
6308;68
6309;67
6310;67
6311;66
6312;65
6313;67
6314;68
6315;68
6316;68
6317;69
6318;66
6319;65
6320;67
6321;65
6322;65
6323;65
6324;67
6325;66
6326;67
6327;65
6328;67
6329;67
6330;69
6331;64
6332;66
6333;67
6334;67
6335;68
6336;67
6337;66
6338;68
6339;67
6340;65
6341;66
6342;68
6343;66
6344;65
6345;67
6346;66
6347;68
6348;67
6349;67
6350;68
6351;68
6352;66
6353;67
6354;65
6355;69
6356;67
6357;67
6358;66
6359;67
6360;67
6361;67
6362;67
6363;66
6364;67
6365;67
6366;66
6367;68
6368;68
6369;67
6370;66
6371;66
6372;67
6373;69
6374;67
6375;65
6376;67
6377;64
6378;69
6379;65
6380;68
6381;68
6382;66
6383;67
6384;66
6385;70
6386;69
6387;68
6388;67
6389;67
6390;67
6391;65
6392;68
6393;66
6394;66
6395;67
6396;66
6397;68
6398;67
6399;67
6400;67
6401;67
6402;67
6403;66
6404;68
6405;67
6406;67
6407;68
6408;67
6409;68
6410;67
6411;68
6412;66
6413;67
6414;65
6415;68
6416;68
6417;67
6418;65
6419;68
6420;68
6421;67
6422;67
6423;66
6424;68
6425;66
6426;69
6427;68
6428;68
6429;66
6430;66
6431;68
6432;67
6433;66
6434;68
6435;68
6436;68
6437;66
6438;67
6439;67
6440;66
6441;66
6442;66
6443;68
6444;67
6445;67
6446;67
6447;69
6448;67
6449;66
6450;66
6451;65
6452;67
6453;67
6454;68
6455;67
6456;68
6457;67
6458;65
6459;70
6460;67
6461;67
6462;66
6463;68
6464;66
6465;67
6466;68
6467;65
6468;66
6469;67
6470;68
6471;68
6472;68
6473;67
6474;66
6475;66
6476;68
6477;66
6478;68
6479;65
6480;66
6481;67
6482;66
6483;67
6484;67
6485;66
6486;67
6487;68
6488;67
6489;65
6490;64
6491;65
6492;68
6493;65
6494;69
6495;67
6496;66
6497;68
6498;68
6499;66
6500;67
6501;67
6502;65
6503;66
6504;67
6505;67
6506;68
6507;67
6508;69
6509;68
6510;68
6511;68
6512;67
6513;67
6514;69
6515;66
6516;67
6517;68
6518;67
6519;64
6520;68
6521;66
6522;67
6523;66
6524;66
6525;65
6526;69
6527;64
6528;67
6529;65
6530;68
6531;68
6532;68
6533;68
6534;64
6535;67
6536;66
6537;67
6538;67
6539;65
6540;68
6541;67
6542;68
6543;66
6544;66
6545;68
6546;68
6547;67
6548;67
6549;66
6550;67
6551;68
6552;69
6553;66
6554;66
6555;66
6556;65
6557;65
6558;67
6559;68
6560;67
6561;68
6562;67
6563;66
6564;68
6565;66
6566;66
6567;66
6568;68
6569;66
6570;67
6571;69
6572;67
6573;69
6574;65
6575;68
6576;67
6577;67
6578;67
6579;67
6580;67
6581;65
6582;68
6583;67
6584;67
6585;66
6586;67
6587;68
6588;66
6589;66
6590;65
6591;67
6592;68
6593;67
6594;64
6595;66
6596;66
6597;66
6598;66
6599;66
6600;66
6601;66
6602;67
6603;67
6604;66
6605;66
6606;68
6607;66
6608;66
6609;68
6610;68
6611;66
6612;67
6613;68
6614;66
6615;66
6616;67
6617;66
6618;65
6619;67
6620;67
6621;66
6622;66
6623;67
6624;69
6625;69
6626;66
6627;66
6628;68
6629;66
6630;68
6631;66
6632;68
6633;67
6634;67
6635;65
6636;67
6637;67
6638;67
6639;66
6640;67
6641;67
6642;68
6643;67
6644;67
6645;66
6646;67
6647;68
6648;67
6649;67
6650;68
6651;66
6652;67
6653;69
6654;68
6655;65
6656;66
6657;65
6658;66
6659;65
6660;67
6661;68
6662;67
6663;68
6664;67
6665;68
6666;66
6667;68
6668;66
6669;67
6670;68
6671;66
6672;67
6673;66
6674;66
6675;66
6676;67
6677;65
6678;69
6679;67
6680;68
6681;66
6682;67
6683;67
6684;69
6685;67
6686;67
6687;67
6688;68
6689;68
6690;65
6691;66
6692;68
6693;68
6694;68
6695;65
6696;66
6697;65
6698;68
6699;66
6700;67
6701;68
6702;66
6703;66
6704;68
6705;68
6706;66
6707;68
6708;67
6709;66
6710;66
6711;68
6712;68
6713;67
6714;66
6715;68
6716;68
6717;67
6718;69
6719;67
6720;67
6721;66
6722;67
6723;66
6724;68
6725;66
6726;67
6727;67
6728;67
6729;69
6730;67
6731;67
6732;66
6733;66
6734;65
6735;67
6736;67
6737;68
6738;67
6739;65
6740;66
6741;66
6742;66
6743;66
6744;67
6745;66
6746;66
6747;64
6748;67
6749;66
6750;64
6751;67
6752;65
6753;67
6754;66
6755;67
6756;66
6757;68
6758;67
6759;68
6760;67
6761;67
6762;68
6763;66
6764;66
6765;67
6766;66
6767;68
6768;66
6769;67
6770;66
6771;68
6772;66
6773;68
6774;67
6775;67
6776;66
6777;67
6778;66
6779;66
6780;66
6781;67
6782;67
6783;67
6784;65
6785;66
6786;66
6787;67
6788;68
6789;68
6790;67
6791;66
6792;68
6793;67
6794;67
6795;67
6796;68
6797;68
6798;66
6799;65
6800;67
6801;67
6802;64
6803;66
6804;66
6805;68
6806;64
6807;65
6808;66
6809;67
6810;67
6811;69
6812;69
6813;65
6814;65
6815;67
6816;67
6817;67
6818;68
6819;67
6820;68
6821;66
6822;67
6823;65
6824;67
6825;66
6826;67
6827;67
6828;68
6829;66
6830;66
6831;67
6832;70
6833;68
6834;66
6835;67
6836;67
6837;68
6838;66
6839;69
6840;68
6841;66
6842;68
6843;68
6844;68
6845;66
6846;65
6847;67
6848;67
6849;67
6850;66
6851;67
6852;67
6853;68
6854;67
6855;66
6856;68
6857;65
6858;68
6859;67
6860;65
6861;69
6862;67
6863;67
6864;67
6865;66
6866;68
6867;66
6868;66
6869;70
6870;66
6871;67
6872;65
6873;67
6874;66
6875;67
6876;66
6877;66
6878;68
6879;66
6880;68
6881;68
6882;66
6883;66
6884;67
6885;65
6886;67
6887;66
6888;65
6889;66
6890;65
6891;66
6892;67
6893;67
6894;67
6895;67
6896;67
6897;67
6898;65
6899;68
6900;67
6901;67
6902;66
6903;69
6904;68
6905;67
6906;67
6907;66
6908;66
6909;68
6910;68
6911;65
6912;67
6913;69
6914;66
6915;66
6916;68
6917;66
6918;67
6919;67
6920;65
6921;66
6922;67
6923;68
6924;69
6925;66
6926;68
6927;67
6928;67
6929;67
6930;67
6931;65
6932;66
6933;67
6934;68
6935;67
6936;66
6937;68
6938;70
6939;66
6940;67
6941;64
6942;66
6943;67
6944;66
6945;68
6946;68
6947;66
6948;68
6949;66
6950;68
6951;67
6952;70
6953;67
6954;66
6955;67
6956;66
6957;67
6958;69
6959;66
6960;66
6961;67
6962;66
6963;66
6964;67
6965;67
6966;67
6967;66
6968;67
6969;68
6970;67
6971;67
6972;66
6973;68
6974;66
6975;65
6976;65
6977;67
6978;67
6979;67
6980;67
6981;67
6982;66
6983;66
6984;69
6985;67
6986;68
6987;67
6988;66
6989;67
6990;68
6991;67
6992;66
6993;66
6994;67
6995;66
6996;69
6997;67
6998;68
6999;69
7000;67
7001;66
7002;66
7003;67
7004;67
7005;69
7006;67
7007;68
7008;67
7009;67
7010;66
7011;66
7012;66
7013;72
7014;69
7015;67
7016;67
7017;66
7018;67
7019;67
7020;66
7021;67
7022;69
7023;67
7024;67
7025;66
7026;67
7027;67
7028;66
7029;67
7030;67
7031;66
7032;68
7033;65
7034;67
7035;67
7036;66
7037;68
7038;66
7039;65
7040;67
7041;66
7042;68
7043;67
7044;65
7045;67
7046;66
7047;67
7048;67
7049;67
7050;67
7051;66
7052;67
7053;68
7054;64
7055;66
7056;68
7057;66
7058;68
7059;66
7060;67
7061;66
7062;66
7063;66
7064;65
7065;66
7066;69
7067;68
7068;66
7069;66
7070;67
7071;67
7072;64
7073;65
7074;67
7075;67
7076;67
7077;67
7078;67
7079;66
7080;68
7081;65
7082;68
7083;67
7084;65
7085;67
7086;67
7087;64
7088;66
7089;67
7090;69
7091;66
7092;67
7093;66
7094;68
7095;67
7096;68
7097;66
7098;66
7099;65
7100;68
7101;67
7102;69
7103;66
7104;66
7105;67
7106;67
7107;69
7108;68
7109;69
7110;69
7111;66
7112;67
7113;67
7114;67
7115;66
7116;66
7117;66
7118;65
7119;66
7120;68
7121;67
7122;66
7123;66
7124;67
7125;68
7126;66
7127;67
7128;65
7129;68
7130;68
7131;67
7132;68
7133;66
7134;67
7135;65
7136;68
7137;66
7138;68
7139;66
7140;67
7141;68
7142;69
7143;65
7144;67
7145;65
7146;65
7147;67
7148;65
7149;67
7150;67
7151;69
7152;69
7153;67
7154;68
7155;67
7156;67
7157;66
7158;67
7159;67
7160;67
7161;68
7162;66
7163;67
7164;65
7165;67
7166;67
7167;67
7168;67
7169;68
7170;67
7171;65
7172;67
7173;66
7174;66
7175;69
7176;66
7177;69
7178;67
7179;67
7180;68
7181;68
7182;69
7183;66
7184;66
7185;66
7186;66
7187;67
7188;65
7189;65
7190;68
7191;66
7192;67
7193;66
7194;67
7195;67
7196;67
7197;67
7198;66
7199;66
7200;66
7201;69
7202;66
7203;66
7204;66
7205;69
7206;67
7207;66
7208;66
7209;67
7210;67
7211;66
7212;67
7213;67
7214;66
7215;67
7216;67
7217;65
7218;66
7219;68
7220;66
7221;68
7222;68
7223;67
7224;67
7225;68
7226;67
7227;66
7228;66
7229;67
7230;66
7231;67
7232;67
7233;70
7234;66
7235;66
7236;65
7237;66
7238;66
7239;67
7240;67
7241;67
7242;67
7243;69
7244;66
7245;68
7246;68
7247;67
7248;68
7249;66
7250;65
7251;67
7252;67
7253;65
7254;66
7255;68
7256;66
7257;66
7258;67
7259;66
7260;67
7261;66
7262;67
7263;65
7264;67
7265;67
7266;65
7267;67
7268;67
7269;65
7270;68
7271;67
7272;66
7273;66
7274;68
7275;68
7276;69
7277;66
7278;66
7279;67
7280;65
7281;67
7282;67
7283;67
7284;66
7285;68
7286;64
7287;66
7288;67
7289;66
7290;67
7291;67
7292;67
7293;66
7294;65
7295;67
7296;68
7297;68
7298;65
7299;66
7300;67
7301;66
7302;66
7303;66
7304;66
7305;66
7306;66
7307;66
7308;67
7309;67
7310;68
7311;68
7312;66
7313;66
7314;66
7315;67
7316;66
7317;67
7318;67
7319;66
7320;66
7321;67
7322;66
7323;69
7324;65
7325;67
7326;65
7327;68
7328;65
7329;66
7330;67
7331;68
7332;68
7333;67
7334;66
7335;66
7336;66
7337;67
7338;67
7339;64
7340;65
7341;67
7342;67
7343;67
7344;67
7345;67
7346;65
7347;66
7348;66
7349;68
7350;66
7351;67
7352;68
7353;67
7354;66
7355;68
7356;68
7357;66
7358;66
7359;69
7360;65
7361;67
7362;66
7363;68
7364;67
7365;67
7366;67
7367;67
7368;67
7369;67
7370;68
7371;67
7372;67
7373;67
7374;66
7375;67
7376;68
7377;67
7378;66
7379;67
7380;69
7381;66
7382;68
7383;67
7384;68
7385;67
7386;67
7387;69
7388;66
7389;67
7390;66
7391;67
7392;67
7393;68
7394;66
7395;67
7396;67
7397;65
7398;66
7399;66
7400;66
7401;65
7402;65
7403;67
7404;66
7405;66
7406;67
7407;67
7408;67
7409;69
7410;67
7411;66
7412;68
7413;67
7414;66
7415;67
7416;68
7417;66
7418;67
7419;67
7420;68
7421;68
7422;68
7423;65
7424;66
7425;67
7426;68
7427;67
7428;66
7429;67
7430;67
7431;67
7432;67
7433;68
7434;66
7435;66
7436;67
7437;67
7438;66
7439;67
7440;66
7441;67
7442;66
7443;67
7444;66
7445;67
7446;66
7447;69
7448;65
7449;68
7450;66
7451;67
7452;65
7453;66
7454;67
7455;67
7456;66
7457;67
7458;67
7459;67
7460;67
7461;69
7462;67
7463;68
7464;67
7465;67
7466;66
7467;67
7468;67
7469;66
7470;66
7471;66
7472;67
7473;66
7474;68
7475;69
7476;68
7477;67
7478;68
7479;68
7480;68
7481;66
7482;65
7483;66
7484;66
7485;67
7486;67
7487;68
7488;67
7489;66
7490;65
7491;67
7492;67
7493;68
7494;65
7495;67
7496;67
7497;67
7498;68
7499;67
7500;67
7501;66
7502;66
7503;66
7504;65
7505;67
7506;69
7507;67
7508;67
7509;67
7510;67
7511;67
7512;66
7513;66
7514;67
7515;65
7516;67
7517;70
7518;67
7519;69
7520;65
7521;67
7522;68
7523;66
7524;67
7525;68
7526;66
7527;68
7528;68
7529;66
7530;67
7531;67
7532;68
7533;68
7534;67
7535;66
7536;67
7537;68
7538;68
7539;68
7540;68
7541;65
7542;68
7543;68
7544;66
7545;68
7546;67
7547;68
7548;69
7549;67
7550;68
7551;68
7552;68
7553;68
7554;66
7555;68
7556;67
7557;66
7558;66
7559;67
7560;65
7561;67
7562;67
7563;67
7564;65
7565;69
7566;67
7567;66
7568;65
7569;67
7570;68
7571;68
7572;66
7573;67
7574;66
7575;65
7576;65
7577;68
7578;67
7579;68
7580;65
7581;68
7582;67
7583;67
7584;65
7585;65
7586;67
7587;66
7588;64
7589;66
7590;67
7591;65
7592;66
7593;67
7594;66
7595;66
7596;65
7597;67
7598;68
7599;66
7600;67
7601;68
7602;68
7603;65
7604;68
7605;67
7606;66
7607;66
7608;68
7609;66
7610;68
7611;65
7612;68
7613;66
7614;66
7615;68
7616;68
7617;66
7618;67
7619;68
7620;66
7621;67
7622;66
7623;67
7624;65
7625;68
7626;67
7627;66
7628;67
7629;68
7630;67
7631;65
7632;69
7633;67
7634;65
7635;66
7636;65
7637;66
7638;64
7639;67
7640;67
7641;65
7642;67
7643;66
7644;66
7645;65
7646;67
7647;64
7648;66
7649;67
7650;66
7651;67
7652;66
7653;68
7654;68
7655;69
7656;68
7657;68
7658;70
7659;66
7660;67
7661;66
7662;65
7663;68
7664;66
7665;68
7666;66
7667;67
7668;65
7669;66
7670;67
7671;66
7672;68
7673;67
7674;65
7675;66
7676;69
7677;66
7678;65
7679;67
7680;67
7681;69
7682;68
7683;66
7684;66
7685;67
7686;67
7687;67
7688;69
7689;67
7690;67
7691;68
7692;69
7693;66
7694;67
7695;67
7696;66
7697;67
7698;68
7699;65
7700;67
7701;68
7702;66
7703;69
7704;66
7705;65
7706;68
7707;68
7708;67
7709;68
7710;64
7711;66
7712;67
7713;67
7714;68
7715;67
7716;68
7717;67
7718;66
7719;66
7720;66
7721;68
7722;65
7723;68
7724;66
7725;65
7726;67
7727;67
7728;67
7729;66
7730;67
7731;67
7732;67
7733;67
7734;65
7735;66
7736;65
7737;67
7738;67
7739;66
7740;68
7741;68
7742;66
7743;67
7744;66
7745;67
7746;67
7747;66
7748;69
7749;67
7750;67
7751;68
7752;68
7753;65
7754;66
7755;66
7756;66
7757;68
7758;66
7759;66
7760;68
7761;66
7762;67
7763;66
7764;66
7765;66
7766;65
7767;65
7768;66
7769;68
7770;67
7771;69
7772;65
7773;67
7774;68
7775;66
7776;68
7777;66
7778;66
7779;68
7780;67
7781;66
7782;66
7783;69
7784;66
7785;65
7786;68
7787;67
7788;66
7789;68
7790;67
7791;67
7792;68
7793;69
7794;68
7795;66
7796;67
7797;68
7798;67
7799;67
7800;65
7801;66
7802;66
7803;66
7804;67
7805;66
7806;67
7807;68
7808;67
7809;66
7810;67
7811;68
7812;68
7813;65
7814;66
7815;66
7816;66
7817;66
7818;67
7819;67
7820;67
7821;67
7822;66
7823;67
7824;66
7825;67
7826;68
7827;68
7828;66
7829;66
7830;68
7831;67
7832;66
7833;67
7834;66
7835;67
7836;67
7837;68
7838;68
7839;67
7840;67
7841;67
7842;66
7843;66
7844;67
7845;68
7846;67
7847;68
7848;67
7849;67
7850;66
7851;65
7852;66
7853;67
7854;67
7855;65
7856;67
7857;65
7858;66
7859;65
7860;68
7861;68
7862;67
7863;69
7864;67
7865;65
7866;69
7867;65
7868;67
7869;67
7870;67
7871;68
7872;66
7873;68
7874;67
7875;66
7876;68
7877;66
7878;66
7879;67
7880;70
7881;66
7882;68
7883;67
7884;67
7885;67
7886;67
7887;68
7888;67
7889;66
7890;66
7891;67
7892;66
7893;66
7894;67
7895;68
7896;68
7897;68
7898;66
7899;67
7900;68
7901;67
7902;68
7903;66
7904;66
7905;65
7906;67
7907;67
7908;69
7909;66
7910;66
7911;67
7912;67
7913;67
7914;67
7915;67
7916;65
7917;65
7918;67
7919;69
7920;67
7921;67
7922;69
7923;67
7924;67
7925;68
7926;67
7927;67
7928;68
7929;69
7930;68
7931;66
7932;68
7933;66
7934;67
7935;66
7936;66
7937;66
7938;67
7939;68
7940;66
7941;67
7942;68
7943;66
7944;66
7945;66
7946;66
7947;69
7948;67
7949;67
7950;66
7951;67
7952;68
7953;67
7954;67
7955;67
7956;67
7957;67
7958;69
7959;67
7960;67
7961;70
7962;67
7963;66
7964;66
7965;67
7966;67
7967;69
7968;67
7969;67
7970;68
7971;68
7972;65
7973;67
7974;67
7975;67
7976;66
7977;66
7978;67
7979;69
7980;67
7981;66
7982;67
7983;67
7984;67
7985;68
7986;66
7987;66
7988;65
7989;65
7990;66
7991;66
7992;65
7993;67
7994;68
7995;68
7996;67
7997;67
7998;67
7999;66
8000;67
8001;67
8002;65
8003;67
8004;68
8005;65
8006;68
8007;67
8008;68
8009;66
8010;66
8011;67
8012;66
8013;66
8014;66
8015;67
8016;67
8017;65
8018;66
8019;65
8020;65
8021;68
8022;66
8023;66
8024;67
8025;67
8026;67
8027;66
8028;67
8029;69
8030;67
8031;66
8032;66
8033;66
8034;66
8035;67
8036;68
8037;67
8038;70
8039;67
8040;66
8041;68
8042;68
8043;66
8044;65
8045;66
8046;66
8047;66
8048;66
8049;68
8050;67
8051;66
8052;65
8053;67
8054;65
8055;66
8056;66
8057;68
8058;69
8059;67
8060;67
8061;66
8062;67
8063;67
8064;66
8065;67
8066;65
8067;65
8068;66
8069;67
8070;67
8071;67
8072;67
8073;66
8074;67
8075;65
8076;67
8077;66
8078;67
8079;67
8080;66
8081;66
8082;66
8083;68
8084;67
8085;65
8086;65
8087;66
8088;66
8089;66
8090;67
8091;69
8092;65
8093;68
8094;67
8095;67
8096;66
8097;66
8098;67
8099;67
8100;67
8101;68
8102;68
8103;68
8104;68
8105;67
8106;67
8107;66
8108;67
8109;67
8110;67
8111;67
8112;66
8113;68
8114;67
8115;66
8116;66
8117;66
8118;66
8119;66
8120;67
8121;66
8122;66
8123;66
8124;66
8125;67
8126;67
8127;67
8128;68
8129;67
8130;65
8131;68
8132;66
8133;66
8134;67
8135;66
8136;67
8137;66
8138;65
8139;66
8140;67
8141;69
8142;68
8143;67
8144;67
8145;66
8146;67
8147;67
8148;68
8149;65
8150;66
8151;65
8152;67
8153;67
8154;66
8155;66
8156;67
8157;66
8158;68
8159;67
8160;68
8161;67
8162;67
8163;65
8164;69
8165;68
8166;67
8167;66
8168;66
8169;67
8170;66
8171;68
8172;69
8173;65
8174;68
8175;67
8176;67
8177;67
8178;68
8179;66
8180;69
8181;67
8182;67
8183;67
8184;67
8185;67
8186;66
8187;67
8188;66
8189;64
8190;66
8191;67
8192;68
8193;65
8194;69
8195;67
8196;69
8197;68
8198;68
8199;67
8200;67
8201;66
8202;68
8203;68
8204;67
8205;67
8206;67
8207;67
8208;66
8209;68
8210;66
8211;67
8212;66
8213;68
8214;68
8215;68
8216;66
8217;67
8218;68
8219;67
8220;66
8221;68
8222;66
8223;66
8224;67
8225;66
8226;67
8227;65
8228;67
8229;67
8230;67
8231;69
8232;66
8233;67
8234;67
8235;68
8236;66
8237;68
8238;69
8239;69
8240;65
8241;68
8242;68
8243;67
8244;68
8245;68
8246;66
8247;66
8248;68
8249;67
8250;68
8251;64
8252;68
8253;65
8254;66
8255;67
8256;67
8257;66
8258;67
8259;67
8260;67
8261;67
8262;67
8263;66
8264;66
8265;67
8266;67
8267;68
8268;66
8269;66
8270;65
8271;65
8272;67
8273;66
8274;68
8275;66
8276;67
8277;66
8278;67
8279;68
8280;66
8281;67
8282;67
8283;66
8284;68
8285;67
8286;68
8287;67
8288;67
8289;66
8290;67
8291;67
8292;67
8293;66
8294;67
8295;67
8296;67
8297;67
8298;69
8299;68
8300;67
8301;68
8302;67
8303;65
8304;66
8305;66
8306;69
8307;67
8308;65
8309;67
8310;68
8311;67
8312;67
8313;65
8314;66
8315;67
8316;67
8317;66
8318;67
8319;68
8320;67
8321;66
8322;67
8323;67
8324;67
8325;67
8326;68
8327;66
8328;67
8329;64
8330;67
8331;65
8332;66
8333;66
8334;69
8335;68
8336;66
8337;67
8338;66
8339;67
8340;66
8341;67
8342;69
8343;67
8344;66
8345;67
8346;68
8347;66
8348;65
8349;66
8350;67
8351;67
8352;66
8353;66
8354;67
8355;67
8356;68
8357;66
8358;67
8359;67
8360;65
8361;65
8362;68
8363;65
8364;66
8365;67
8366;68
8367;67
8368;66
8369;65
8370;67
8371;68
8372;66
8373;65
8374;66
8375;67
8376;64
8377;70
8378;66
8379;65
8380;67
8381;67
8382;66
8383;65
8384;68
8385;66
8386;69
8387;65
8388;68
8389;67
8390;67
8391;68
8392;67
8393;66
8394;69
8395;67
8396;66
8397;68
8398;66
8399;67
8400;67
8401;66
8402;67
8403;64
8404;68
8405;67
8406;67
8407;66
8408;66
8409;69
8410;67
8411;67
8412;65
8413;67
8414;67
8415;68
8416;66
8417;67
8418;67
8419;68
8420;67
8421;66
8422;67
8423;66
8424;67
8425;69
8426;66
8427;67
8428;65
8429;67
8430;67
8431;66
8432;68
8433;69
8434;66
8435;67
8436;67
8437;67
8438;68
8439;66
8440;67
8441;66
8442;67
8443;68
8444;67
8445;66
8446;66
8447;64
8448;66
8449;67
8450;65
8451;66
8452;65
8453;67
8454;67
8455;66
8456;67
8457;66
8458;66
8459;66
8460;68
8461;66
8462;66
8463;65
8464;66
8465;66
8466;69
8467;68
8468;67
8469;66
8470;65
8471;67
8472;64
8473;67
8474;66
8475;67
8476;65
8477;68
8478;67
8479;67
8480;67
8481;65
8482;67
8483;66
8484;68
8485;67
8486;66
8487;65
8488;68
8489;68
8490;67
8491;68
8492;69
8493;66
8494;67
8495;66
8496;67
8497;67
8498;67
8499;67
8500;67
8501;67
8502;68
8503;67
8504;67
8505;66
8506;67
8507;67
8508;65
8509;67
8510;67
8511;66
8512;65
8513;67
8514;66
8515;66
8516;66
8517;68
8518;66
8519;67
8520;67
8521;67
8522;66
8523;66
8524;67
8525;67
8526;69
8527;67
8528;66
8529;67
8530;67
8531;66
8532;68
8533;68
8534;66
8535;66
8536;66
8537;65
8538;66
8539;67
8540;67
8541;65
8542;67
8543;66
8544;68
8545;67
8546;65
8547;68
8548;65
8549;67
8550;66
8551;68
8552;67
8553;67
8554;66
8555;67
8556;66
8557;66
8558;66
8559;66
8560;65
8561;67
8562;67
8563;68
8564;68
8565;67
8566;66
8567;66
8568;66
8569;68
8570;67
8571;66
8572;65
8573;65
8574;67
8575;65
8576;66
8577;68
8578;65
8579;66
8580;69
8581;66
8582;68
8583;68
8584;66
8585;68
8586;67
8587;68
8588;67
8589;65
8590;66
8591;67
8592;65
8593;66
8594;69
8595;68
8596;65
8597;67
8598;65
8599;69
8600;66
8601;67
8602;67
8603;66
8604;68
8605;67
8606;67
8607;68
8608;68
8609;67
8610;66
8611;67
8612;67
8613;65
8614;68
8615;65
8616;66
8617;68
8618;68
8619;68
8620;64
8621;66
8622;66
8623;66
8624;68
8625;66
8626;66
8627;67
8628;66
8629;67
8630;68
8631;66
8632;67
8633;68
8634;67
8635;69
8636;68
8637;67
8638;67
8639;68
8640;68
8641;67
8642;67
8643;66
8644;67
8645;65
8646;67
8647;65
8648;67
8649;67
8650;67
8651;66
8652;64
8653;67
8654;65
8655;66
8656;66
8657;66
8658;66
8659;67
8660;67
8661;66
8662;64
8663;67
8664;66
8665;65
8666;67
8667;66
8668;68
8669;66
8670;68
8671;67
8672;67
8673;67
8674;67
8675;67
8676;67
8677;65
8678;68
8679;66
8680;66
8681;67
8682;69
8683;68
8684;67
8685;68
8686;66
8687;66
8688;66
8689;66
8690;66
8691;67
8692;66
8693;66
8694;68
8695;66
8696;66
8697;67
8698;67
8699;66
8700;67
8701;68
8702;64
8703;66
8704;67
8705;64
8706;67
8707;68
8708;65
8709;68
8710;68
8711;68
8712;68
8713;66
8714;67
8715;66
8716;67
8717;66
8718;67
8719;67
8720;66
8721;68
8722;65
8723;67
8724;66
8725;69
8726;70
8727;68
8728;66
8729;67
8730;67
8731;66
8732;67
8733;68
8734;68
8735;67
8736;67
8737;67
8738;67
8739;69
8740;68
8741;68
8742;67
8743;67
8744;66
8745;69
8746;65
8747;66
8748;66
8749;68
8750;69
8751;66
8752;68
8753;66
8754;66
8755;66
8756;68
8757;67
8758;65
8759;67
8760;67
8761;67
8762;66
8763;66
8764;67
8765;69
8766;67
8767;68
8768;65
8769;68
8770;67
8771;67
8772;66
8773;67
8774;69
8775;66
8776;67
8777;68
8778;67
8779;69
8780;67
8781;67
8782;67
8783;67
8784;67
8785;68
8786;66
8787;69
8788;69
8789;66
8790;66
8791;67
8792;66
8793;67
8794;66
8795;66
8796;66
8797;67
8798;65
8799;69
8800;68
8801;67
8802;65
8803;66
8804;65
8805;68
8806;67
8807;69
8808;65
8809;67
8810;67
8811;68
8812;68
8813;66
8814;65
8815;66
8816;67
8817;67
8818;66
8819;67
8820;67
8821;66
8822;67
8823;67
8824;67
8825;67
8826;66
8827;66
8828;67
8829;69
8830;68
8831;66
8832;66
8833;67
8834;66
8835;66
8836;66
8837;65
8838;67
8839;65
8840;66
8841;66
8842;67
8843;68
8844;66
8845;67
8846;67
8847;67
8848;68
8849;69
8850;65
8851;67
8852;66
8853;67
8854;68
8855;67
8856;68
8857;67
8858;66
8859;67
8860;65
8861;68
8862;67
8863;68
8864;66
8865;67
8866;68
8867;67
8868;67
8869;66
8870;66
8871;67
8872;66
8873;66
8874;69
8875;68
8876;66
8877;67
8878;66
8879;68
8880;67
8881;64
8882;68
8883;69
8884;68
8885;66
8886;65
8887;67
8888;66
8889;67
8890;67
8891;66
8892;66
8893;67
8894;66
8895;67
8896;66
8897;67
8898;66
8899;66
8900;67
8901;66
8902;68
8903;66
8904;66
8905;66
8906;68
8907;67
8908;68
8909;68
8910;67
8911;66
8912;66
8913;67
8914;67
8915;66
8916;66
8917;67
8918;66
8919;67
8920;65
8921;66
8922;65
8923;67
8924;66
8925;66
8926;66
8927;66
8928;65
8929;66
8930;68
8931;67
8932;66
8933;67
8934;67
8935;67
8936;67
8937;67
8938;67
8939;67
8940;67
8941;68
8942;66
8943;67
8944;68
8945;66
8946;64
8947;66
8948;66
8949;67
8950;67
8951;67
8952;66
8953;67
8954;67
8955;67
8956;67
8957;68
8958;65
8959;66
8960;65
8961;65
8962;67
8963;66
8964;66
8965;66
8966;66
8967;67
8968;68
8969;67
8970;66
8971;67
8972;68
8973;69
8974;66
8975;65
8976;69
8977;68
8978;67
8979;67
8980;67
8981;67
8982;66
8983;67
8984;67
8985;68
8986;68
8987;68
8988;70
8989;68
8990;67
8991;67
8992;67
8993;66
8994;68
8995;67
8996;67
8997;67
8998;66
8999;66
9000;67
9001;66
9002;66
9003;66
9004;66
9005;67
9006;68
9007;68
9008;66
9009;66
9010;68
9011;66
9012;68
9013;69
9014;65
9015;67
9016;65
9017;68
9018;67
9019;67
9020;66
9021;66
9022;65
9023;68
9024;66
9025;66
9026;66
9027;67
9028;67
9029;66
9030;66
9031;66
9032;65
9033;65
9034;66
9035;67
9036;69
9037;67
9038;66
9039;67
9040;66
9041;67
9042;67
9043;67
9044;68
9045;69
9046;67
9047;66
9048;68
9049;67
9050;67
9051;69
9052;69
9053;66
9054;65
9055;68
9056;68
9057;66
9058;67
9059;66
9060;67
9061;65
9062;66
9063;66
9064;68
9065;66
9066;68
9067;68
9068;64
9069;67
9070;66
9071;67
9072;67
9073;65
9074;67
9075;67
9076;67
9077;67
9078;68
9079;68
9080;67
9081;65
9082;68
9083;67
9084;68
9085;68
9086;67
9087;68
9088;67
9089;67
9090;67
9091;67
9092;67
9093;64
9094;65
9095;65
9096;65
9097;67
9098;69
9099;67
9100;67
9101;67
9102;68
9103;66
9104;67
9105;67
9106;65
9107;66
9108;67
9109;65
9110;68
9111;66
9112;69
9113;68
9114;66
9115;65
9116;68
9117;67
9118;67
9119;67
9120;67
9121;66
9122;67
9123;66
9124;67
9125;68
9126;68
9127;67
9128;68
9129;66
9130;67
9131;64
9132;68
9133;67
9134;69
9135;68
9136;65
9137;66
9138;66
9139;66
9140;66
9141;67
9142;67
9143;68
9144;67
9145;66
9146;66
9147;67
9148;67
9149;66
9150;68
9151;67
9152;65
9153;66
9154;64
9155;67
9156;65
9157;67
9158;68
9159;65
9160;67
9161;68
9162;67
9163;66
9164;66
9165;69
9166;67
9167;67
9168;68
9169;66
9170;67
9171;67
9172;65
9173;66
9174;67
9175;68
9176;67
9177;67
9178;66
9179;66
9180;67
9181;68
9182;68
9183;66
9184;65
9185;67
9186;67
9187;65
9188;67
9189;65
9190;67
9191;68
9192;65
9193;67
9194;68
9195;66
9196;66
9197;66
9198;68
9199;65
9200;65
9201;68
9202;66
9203;66
9204;67
9205;66
9206;66
9207;66
9208;67
9209;68
9210;66
9211;67
9212;66
9213;70
9214;69
9215;66
9216;68
9217;67
9218;67
9219;66
9220;68
9221;65
9222;65
9223;66
9224;69
9225;67
9226;68
9227;65
9228;68
9229;67
9230;65
9231;67
9232;65
9233;65
9234;68
9235;67
9236;66
9237;66
9238;68
9239;68
9240;67
9241;67
9242;67
9243;68
9244;66
9245;66
9246;67
9247;68
9248;67
9249;67
9250;69
9251;68
9252;68
9253;67
9254;67
9255;65
9256;66
9257;66
9258;68
9259;69
9260;68
9261;68
9262;67
9263;67
9264;67
9265;69
9266;68
9267;67
9268;68
9269;68
9270;65
9271;67
9272;66
9273;66
9274;68
9275;68
9276;66
9277;66
9278;68
9279;68
9280;67
9281;66
9282;65
9283;67
9284;66
9285;66
9286;68
9287;65
9288;67
9289;67
9290;67
9291;64
9292;65
9293;68
9294;66
9295;67
9296;67
9297;66
9298;65
9299;66
9300;67
9301;66
9302;65
9303;66
9304;67
9305;68
9306;67
9307;67
9308;66
9309;65
9310;67
9311;66
9312;65
9313;65
9314;66
9315;69
9316;65
9317;66
9318;67
9319;67
9320;66
9321;66
9322;66
9323;68
9324;68
9325;66
9326;65
9327;67
9328;66
9329;67
9330;66
9331;66
9332;68
9333;65
9334;67
9335;68
9336;67
9337;64
9338;67
9339;67
9340;67
9341;65
9342;65
9343;68
9344;68
9345;68
9346;66
9347;67
9348;65
9349;67
9350;67
9351;68
9352;66
9353;67
9354;67
9355;66
9356;67
9357;70
9358;67
9359;68
9360;69
9361;66
9362;67
9363;65
9364;66
9365;67
9366;67
9367;68
9368;67
9369;67
9370;65
9371;66
9372;67
9373;67
9374;68
9375;68
9376;68
9377;67
9378;66
9379;67
9380;67
9381;65
9382;66
9383;65
9384;68
9385;67
9386;68
9387;65
9388;66
9389;69
9390;67
9391;66
9392;67
9393;67
9394;67
9395;67
9396;69
9397;66
9398;66
9399;66
9400;66
9401;68
9402;66
9403;66
9404;68
9405;66
9406;66
9407;65
9408;67
9409;66
9410;68
9411;67
9412;68
9413;67
9414;66
9415;66
9416;66
9417;66
9418;68
9419;66
9420;67
9421;68
9422;66
9423;67
9424;65
9425;68
9426;66
9427;68
9428;66
9429;68
9430;67
9431;68
9432;67
9433;68
9434;66
9435;65
9436;69
9437;67
9438;67
9439;68
9440;67
9441;66
9442;67
9443;66
9444;67
9445;67
9446;68
9447;67
9448;67
9449;69
9450;64
9451;67
9452;66
9453;67
9454;67
9455;66
9456;65
9457;67
9458;67
9459;65
9460;67
9461;66
9462;67
9463;67
9464;65
9465;67
9466;67
9467;68
9468;66
9469;66
9470;67
9471;69
9472;65
9473;65
9474;67
9475;67
9476;67
9477;67
9478;67
9479;65
9480;68
9481;68
9482;66
9483;68
9484;66
9485;67
9486;67
9487;66
9488;66
9489;66
9490;67
9491;67
9492;66
9493;68
9494;67
9495;68
9496;68
9497;66
9498;66
9499;67
9500;69
9501;68
9502;68
9503;67
9504;65
9505;66
9506;66
9507;67
9508;69
9509;66
9510;69
9511;67
9512;67
9513;67
9514;66
9515;67
9516;67
9517;66
9518;66
9519;67
9520;67
9521;68
9522;69
9523;68
9524;65
9525;68
9526;66
9527;68
9528;66
9529;67
9530;68
9531;67
9532;66
9533;68
9534;67
9535;67
9536;69
9537;66
9538;66
9539;66
9540;67
9541;66
9542;68
9543;66
9544;67
9545;66
9546;66
9547;66
9548;65
9549;67
9550;69
9551;65
9552;66
9553;69
9554;67
9555;67
9556;67
9557;68
9558;68
9559;70
9560;68
9561;68
9562;66
9563;66
9564;68
9565;67
9566;67
9567;65
9568;64
9569;67
9570;68
9571;67
9572;69
9573;66
9574;68
9575;66
9576;66
9577;68
9578;66
9579;68
9580;67
9581;68
9582;66
9583;67
9584;66
9585;66
9586;66
9587;68
9588;67
9589;68
9590;67
9591;67
9592;69
9593;67
9594;66
9595;66
9596;65
9597;67
9598;68
9599;67
9600;65
9601;67
9602;69
9603;68
9604;67
9605;69
9606;68
9607;67
9608;64
9609;67
9610;66
9611;67
9612;67
9613;67
9614;68
9615;66
9616;68
9617;68
9618;67
9619;68
9620;69
9621;66
9622;65
9623;66
9624;67
9625;67
9626;67
9627;66
9628;67
9629;66
9630;67
9631;67
9632;67
9633;66
9634;67
9635;66
9636;68
9637;67
9638;67
9639;68
9640;66
9641;69
9642;66
9643;66
9644;67
9645;65
9646;67
9647;66
9648;68
9649;67
9650;67
9651;67
9652;67
9653;68
9654;66
9655;68
9656;66
9657;68
9658;67
9659;68
9660;67
9661;67
9662;66
9663;68
9664;68
9665;67
9666;67
9667;66
9668;69
9669;67
9670;67
9671;66
9672;67
9673;65
9674;67
9675;67
9676;64
9677;66
9678;66
9679;65
9680;68
9681;67
9682;66
9683;67
9684;67
9685;66
9686;66
9687;65
9688;68
9689;67
9690;66
9691;65
9692;67
9693;66
9694;66
9695;68
9696;66
9697;68
9698;68
9699;66
9700;66
9701;66
9702;65
9703;66
9704;68
9705;68
9706;67
9707;66
9708;65
9709;69
9710;67
9711;65
9712;66
9713;66
9714;67
9715;66
9716;67
9717;66
9718;67
9719;67
9720;69
9721;67
9722;66
9723;69
9724;68
9725;66
9726;68
9727;66
9728;67
9729;67
9730;67
9731;68
9732;68
9733;69
9734;66
9735;66
9736;68
9737;65
9738;67
9739;65
9740;65
9741;67
9742;68
9743;65
9744;68
9745;65
9746;68
9747;66
9748;67
9749;66
9750;66
9751;66
9752;66
9753;66
9754;68
9755;66
9756;66
9757;67
9758;67
9759;66
9760;67
9761;66
9762;66
9763;66
9764;67
9765;67
9766;67
9767;66
9768;67
9769;65
9770;68
9771;67
9772;67
9773;67
9774;67
9775;67
9776;66
9777;68
9778;66
9779;67
9780;66
9781;66
9782;66
9783;68
9784;67
9785;66
9786;66
9787;66
9788;65
9789;66
9790;68
9791;67
9792;66
9793;64
9794;65
9795;67
9796;68
9797;66
9798;69
9799;66
9800;68
9801;68
9802;67
9803;67
9804;67
9805;67
9806;66
9807;68
9808;67
9809;66
9810;66
9811;69
9812;68
9813;67
9814;67
9815;67
9816;65
9817;67
9818;66
9819;67
9820;66
9821;67
9822;68
9823;66
9824;68
9825;68
9826;66
9827;67
9828;69
9829;68
9830;67
9831;68
9832;67
9833;66
9834;66
9835;69
9836;65
9837;68
9838;68
9839;67
9840;66
9841;66
9842;65
9843;66
9844;67
9845;66
9846;67
9847;67
9848;67
9849;64
9850;67
9851;65
9852;67
9853;68
9854;67
9855;67
9856;67
9857;68
9858;66
9859;70
9860;65
9861;66
9862;67
9863;68
9864;66
9865;69
9866;68
9867;66
9868;67
9869;66
9870;69
9871;64
9872;66
9873;68
9874;64
9875;68
9876;68
9877;65
9878;66
9879;67
9880;65
9881;67
9882;66
9883;67
9884;66
9885;69
9886;68
9887;67
9888;66
9889;67
9890;66
9891;66
9892;67
9893;66
9894;65
9895;67
9896;68
9897;66
9898;66
9899;68
9900;67
9901;66
9902;67
9903;66
9904;69
9905;67
9906;67
9907;68
9908;66
9909;67
9910;66
9911;65
9912;67
9913;68
9914;67
9915;65
9916;67
9917;66
9918;68
9919;68
9920;65
9921;68
9922;69
9923;65
9924;67
9925;66
9926;66
9927;67
9928;66
9929;67
9930;66
9931;66
9932;67
9933;66
9934;66
9935;67
9936;65
9937;66
9938;67
9939;68
9940;66
9941;67
9942;69
9943;67
9944;66
9945;65
9946;67
9947;67
9948;66
9949;67
9950;66
9951;65
9952;67
9953;65
9954;66
9955;65
9956;67
9957;68
9958;68
9959;68
9960;65
9961;68
9962;67
9963;68
9964;67
9965;66
9966;68
9967;64
9968;68
9969;67
9970;66
9971;65
9972;66
9973;67
9974;69
9975;65
9976;65
9977;67
9978;67
9979;67
9980;68
9981;68
9982;66
9983;68
9984;69
9985;66
9986;68
9987;64
9988;67
9989;68
9990;67
9991;66
9992;67
9993;68
9994;67
9995;65
9996;66
9997;65
9998;67
9999;66
10000;69
